[{"model": "admin_interface.theme", "pk": 1, "fields": {"name": "Django", "active": true, "title": "Fais ce que tu veux Seb", "title_color": "#F5DD5D", "title_visible": true, "logo": "", "logo_color": "#FFFFFF", "logo_visible": false, "favicon": "", "env_name": "", "env_color": "#E74C3C", "env_visible_in_header": true, "env_visible_in_favicon": true, "language_chooser_active": true, "language_chooser_display": "code", "css_header_background_color": "#474B49", "css_header_text_color": "#B0B7B4", "css_header_link_color": "#FFFFFF", "css_header_link_hover_color": "#EDF0EE", "css_module_background_color": "#B5B7B6", "css_module_text_color": "#FFFFFF", "css_module_link_color": "#FFFFFF", "css_module_link_hover_color": "#F0F0F0", "css_module_rounded_corners": true, "css_generic_link_color": "#3B3C3C", "css_generic_link_hover_color": "#666666", "css_save_button_background_color": "#4B4B4B", "css_save_button_background_hover_color": "#3C3C3C", "css_save_button_text_color": "#FFFFFF", "css_delete_button_background_color": "#BA2121", "css_delete_button_background_hover_color": "#A41515", "css_delete_button_text_color": "#FFFFFF", "css": "", "related_modal_active": true, "related_modal_background_color": "#000000", "related_modal_background_opacity": "0.3", "related_modal_rounded_corners": true, "related_modal_close_button_visible": true, "list_filter_dropdown": true, "list_filter_sticky": true, "recent_actions_visible": true}}, {"model": "admin.logentry", "pk": 1, "fields": {"action_time": "2020-12-14T16:05:55.155Z", "user": 1, "content_type": 8, "object_id": "1", "object_repr": "Le tout premier post, hopefully!", "action_flag": 1, "change_message": "[{\"added\": {}}, {\"added\": {\"name\": \"blog image\", \"object\": \"img/b/1.jpg\"}}]"}}, {"model": "admin.logentry", "pk": 2, "fields": {"action_time": "2020-12-14T16:10:13.773Z", "user": 1, "content_type": 8, "object_id": "1", "object_repr": "Le tout premier post, hopefully!", "action_flag": 2, "change_message": "[{\"changed\": {\"fields\": [\"Bg color\", \"Bg overlay color\", \"Tags\"]}}]"}}, {"model": "admin.logentry", "pk": 3, "fields": {"action_time": "2020-12-18T05:23:48.383Z", "user": 1, "content_type": 10, "object_id": "1", "object_repr": "img/b/1.jpg", "action_flag": 3, "change_message": ""}}, {"model": "admin.logentry", "pk": 4, "fields": {"action_time": "2020-12-18T05:23:57.530Z", "user": 1, "content_type": 8, "object_id": "1", "object_repr": "Le tout premier post, hopefully!", "action_flag": 3, "change_message": ""}}, {"model": "admin.logentry", "pk": 5, "fields": {"action_time": "2020-12-18T05:56:12.725Z", "user": 1, "content_type": 8, "object_id": "2", "object_repr": "Neon", "action_flag": 1, "change_message": "[{\"added\": {}}, {\"added\": {\"name\": \"blog image\", \"object\": \"img/b/neon.png\"}}]"}}, {"model": "admin.logentry", "pk": 6, "fields": {"action_time": "2020-12-18T06:10:02.584Z", "user": 1, "content_type": 8, "object_id": "2", "object_repr": "Neon", "action_flag": 2, "change_message": "[{\"changed\": {\"fields\": [\"Talkshit\", \"Bg color\", \"Bg overlay color\"]}}, {\"added\": {\"name\": \"blog image\", \"object\": \"img/b/ampoule.jpg\"}}, {\"added\": {\"name\": \"blog image\", \"object\": \"img/b/placedesfleursdemacadamcrop.jpg\"}}]"}}, {"model": "admin.logentry", "pk": 7, "fields": {"action_time": "2020-12-18T06:16:59.541Z", "user": 1, "content_type": 8, "object_id": "2", "object_repr": "Neon", "action_flag": 2, "change_message": "[{\"changed\": {\"fields\": [\"Bg color\", \"Bg overlay color\"]}}, {\"added\": {\"name\": \"free image\", \"object\": \"img/f/try1.jpg\"}}, {\"added\": {\"name\": \"free image\", \"object\": \"img/f/try2.jpg\"}}, {\"added\": {\"name\": \"free image\", \"object\": \"img/f/try3.jpg\"}}, {\"added\": {\"name\": \"free image\", \"object\": \"img/f/try4.jpg\"}}]"}}, {"model": "admin.logentry", "pk": 8, "fields": {"action_time": "2020-12-18T06:17:49.317Z", "user": 1, "content_type": 8, "object_id": "2", "object_repr": "Neon", "action_flag": 2, "change_message": "[{\"changed\": {\"fields\": [\"Bg color\", \"Bg overlay color\"]}}, {\"changed\": {\"name\": \"free image\", \"object\": \"img/f/try1.jpg\", \"fields\": [\"Posi X\", \"Posi Y\"]}}, {\"changed\": {\"name\": \"free image\", \"object\": \"img/f/try2.jpg\", \"fields\": [\"Posi X\", \"Posi Y\"]}}, {\"changed\": {\"name\": \"free image\", \"object\": \"img/f/try3.jpg\", \"fields\": [\"Posi X\", \"Posi Y\"]}}, {\"changed\": {\"name\": \"free image\", \"object\": \"img/f/try4.jpg\", \"fields\": [\"Posi X\", \"Posi Y\"]}}]"}}, {"model": "admin.logentry", "pk": 9, "fields": {"action_time": "2020-12-18T06:19:11.076Z", "user": 1, "content_type": 8, "object_id": "2", "object_repr": "Neon", "action_flag": 2, "change_message": "[{\"changed\": {\"fields\": [\"Bg color\", \"Bg overlay color\"]}}, {\"changed\": {\"name\": \"free image\", \"object\": \"img/f/try1.jpg\", \"fields\": [\"Posi X\", \"Posi Y\"]}}, {\"changed\": {\"name\": \"free image\", \"object\": \"img/f/try2.jpg\", \"fields\": [\"Posi X\", \"Posi Y\"]}}, {\"changed\": {\"name\": \"free image\", \"object\": \"img/f/try3.jpg\", \"fields\": [\"Posi X\", \"Posi Y\"]}}, {\"changed\": {\"name\": \"free image\", \"object\": \"img/f/try4.jpg\", \"fields\": [\"Posi X\"]}}]"}}, {"model": "admin.logentry", "pk": 10, "fields": {"action_time": "2020-12-18T06:20:11.498Z", "user": 1, "content_type": 8, "object_id": "2", "object_repr": "Neon", "action_flag": 2, "change_message": "[{\"changed\": {\"fields\": [\"Bg color\", \"Bg overlay color\"]}}, {\"changed\": {\"name\": \"free image\", \"object\": \"img/f/try1.jpg\", \"fields\": [\"Posi X\"]}}, {\"changed\": {\"name\": \"free image\", \"object\": \"img/f/try2.jpg\", \"fields\": [\"Posi X\"]}}, {\"changed\": {\"name\": \"free image\", \"object\": \"img/f/try3.jpg\", \"fields\": [\"Posi X\"]}}, {\"changed\": {\"name\": \"free image\", \"object\": \"img/f/try4.jpg\", \"fields\": [\"Posi X\"]}}]"}}, {"model": "admin.logentry", "pk": 11, "fields": {"action_time": "2020-12-18T06:20:31.888Z", "user": 1, "content_type": 8, "object_id": "2", "object_repr": "Neon", "action_flag": 2, "change_message": "[{\"changed\": {\"fields\": [\"Bg color\", \"Bg overlay color\"]}}, {\"changed\": {\"name\": \"free image\", \"object\": \"img/f/try1.jpg\", \"fields\": [\"Posi X\"]}}, {\"changed\": {\"name\": \"free image\", \"object\": \"img/f/try2.jpg\", \"fields\": [\"Posi X\"]}}, {\"changed\": {\"name\": \"free image\", \"object\": \"img/f/try3.jpg\", \"fields\": [\"Posi X\"]}}, {\"changed\": {\"name\": \"free image\", \"object\": \"img/f/try4.jpg\", \"fields\": [\"Posi X\"]}}]"}}, {"model": "admin.logentry", "pk": 12, "fields": {"action_time": "2020-12-18T06:20:55.799Z", "user": 1, "content_type": 8, "object_id": "2", "object_repr": "Neon", "action_flag": 2, "change_message": "[{\"changed\": {\"fields\": [\"Bg color\", \"Bg overlay color\"]}}, {\"changed\": {\"name\": \"free image\", \"object\": \"img/f/try1.jpg\", \"fields\": [\"Posi X\"]}}, {\"changed\": {\"name\": \"free image\", \"object\": \"img/f/try2.jpg\", \"fields\": [\"Posi X\"]}}, {\"changed\": {\"name\": \"free image\", \"object\": \"img/f/try3.jpg\", \"fields\": [\"Posi X\"]}}, {\"changed\": {\"name\": \"free image\", \"object\": \"img/f/try4.jpg\", \"fields\": [\"Posi X\"]}}]"}}, {"model": "admin.logentry", "pk": 13, "fields": {"action_time": "2020-12-18T06:22:03.968Z", "user": 1, "content_type": 8, "object_id": "2", "object_repr": "Neon", "action_flag": 2, "change_message": "[{\"changed\": {\"fields\": [\"Bg color\", \"Bg overlay color\"]}}, {\"changed\": {\"name\": \"free image\", \"object\": \"img/f/try1.jpg\", \"fields\": [\"Posi X\", \"Posi Y\"]}}, {\"changed\": {\"name\": \"free image\", \"object\": \"img/f/try2.jpg\", \"fields\": [\"Posi X\"]}}, {\"changed\": {\"name\": \"free image\", \"object\": \"img/f/try4.jpg\", \"fields\": [\"Posi X\"]}}]"}}, {"model": "admin.logentry", "pk": 14, "fields": {"action_time": "2020-12-18T06:23:00.512Z", "user": 1, "content_type": 8, "object_id": "2", "object_repr": "Neon", "action_flag": 2, "change_message": "[{\"changed\": {\"fields\": [\"Bg color\", \"Bg overlay color\", \"Tags\"]}}]"}}, {"model": "admin.logentry", "pk": 15, "fields": {"action_time": "2020-12-18T06:25:53.020Z", "user": 1, "content_type": 8, "object_id": "2", "object_repr": "Neon", "action_flag": 2, "change_message": "[{\"changed\": {\"fields\": [\"Bg color\", \"Bg overlay color\"]}}, {\"changed\": {\"name\": \"free image\", \"object\": \"img/f/try1.jpg\", \"fields\": [\"Posi Y\"]}}, {\"changed\": {\"name\": \"free image\", \"object\": \"img/f/try2.jpg\", \"fields\": [\"Posi Y\"]}}, {\"changed\": {\"name\": \"free image\", \"object\": \"img/f/try3.jpg\", \"fields\": [\"Posi Y\"]}}, {\"changed\": {\"name\": \"free image\", \"object\": \"img/f/try4.jpg\", \"fields\": [\"Posi Y\"]}}]"}}, {"model": "admin.logentry", "pk": 16, "fields": {"action_time": "2020-12-18T06:26:29.692Z", "user": 1, "content_type": 8, "object_id": "2", "object_repr": "Neon", "action_flag": 2, "change_message": "[{\"changed\": {\"fields\": [\"Text color\", \"Bg color\", \"Bg overlay color\", \"Post date\"]}}]"}}, {"model": "admin.logentry", "pk": 17, "fields": {"action_time": "2020-12-18T06:27:27.002Z", "user": 1, "content_type": 8, "object_id": "2", "object_repr": "Neon", "action_flag": 2, "change_message": "[{\"changed\": {\"fields\": [\"Bg color\", \"Bg overlay color\"]}}, {\"changed\": {\"name\": \"free image\", \"object\": \"img/f/try1.jpg\", \"fields\": [\"Posi X\", \"Posi Y\"]}}, {\"changed\": {\"name\": \"free image\", \"object\": \"img/f/try2.jpg\", \"fields\": [\"Posi X\", \"Posi Y\"]}}, {\"changed\": {\"name\": \"free image\", \"object\": \"img/f/try3.jpg\", \"fields\": [\"Posi X\", \"Posi Y\"]}}, {\"changed\": {\"name\": \"free image\", \"object\": \"img/f/try4.jpg\", \"fields\": [\"Posi X\", \"Posi Y\"]}}]"}}, {"model": "admin.logentry", "pk": 18, "fields": {"action_time": "2020-12-18T06:33:50.965Z", "user": 1, "content_type": 8, "object_id": "3", "object_repr": "Foodie", "action_flag": 1, "change_message": "[{\"added\": {}}, {\"added\": {\"name\": \"blog image\", \"object\": \"img/b/bikemessfoodora.jpg\"}}, {\"added\": {\"name\": \"blog image\", \"object\": \"img/b/foodora3drender.jpg\"}}]"}}, {"model": "admin.logentry", "pk": 19, "fields": {"action_time": "2020-12-18T06:35:42.870Z", "user": 1, "content_type": 8, "object_id": "4", "object_repr": "Collage National Geographic", "action_flag": 1, "change_message": "[{\"added\": {}}, {\"added\": {\"name\": \"blog image\", \"object\": \"img/b/collageng.jpg\"}}]"}}, {"model": "admin.logentry", "pk": 20, "fields": {"action_time": "2020-12-18T06:37:58.445Z", "user": 1, "content_type": 8, "object_id": "5", "object_repr": "Western", "action_flag": 1, "change_message": "[{\"added\": {}}]"}}, {"model": "admin.logentry", "pk": 21, "fields": {"action_time": "2020-12-18T06:38:24.458Z", "user": 1, "content_type": 8, "object_id": "5", "object_repr": "Western", "action_flag": 2, "change_message": "[{\"changed\": {\"fields\": [\"Bg color\", \"Bg overlay color\"]}}, {\"added\": {\"name\": \"blog image\", \"object\": \"img/b/western.jpg\"}}]"}}, {"model": "admin.logentry", "pk": 22, "fields": {"action_time": "2020-12-18T06:41:54.923Z", "user": 1, "content_type": 8, "object_id": "6", "object_repr": "Big Daddy", "action_flag": 1, "change_message": "[{\"added\": {}}, {\"added\": {\"name\": \"blog image\", \"object\": \"img/b/bigdaddy.png\"}}]"}}, {"model": "admin.logentry", "pk": 23, "fields": {"action_time": "2020-12-19T06:05:26.774Z", "user": 1, "content_type": 8, "object_id": "7", "object_repr": "Course des morts MMXVIII", "action_flag": 1, "change_message": "[{\"added\": {}}, {\"added\": {\"name\": \"blog image\", \"object\": \"img/b/CDM_artstation.png\"}}, {\"added\": {\"name\": \"blog image\", \"object\": \"img/b/tshirtcdm.jpg\"}}, {\"added\": {\"name\": \"blog image\", \"object\": \"img/b/foodora3drender_3xyKJX7.jpg\"}}]"}}, {"model": "admin.logentry", "pk": 24, "fields": {"action_time": "2020-12-19T06:05:41.500Z", "user": 1, "content_type": 8, "object_id": "7", "object_repr": "Course des morts MMXVIII", "action_flag": 2, "change_message": "[{\"changed\": {\"fields\": [\"Slug\", \"Bg color\", \"Bg overlay color\"]}}]"}}, {"model": "admin.logentry", "pk": 25, "fields": {"action_time": "2020-12-19T06:11:35.642Z", "user": 1, "content_type": 8, "object_id": "8", "object_repr": "Matte Painting avec Benoit Pelchat", "action_flag": 1, "change_message": "[{\"added\": {}}]"}}, {"model": "admin.logentry", "pk": 26, "fields": {"action_time": "2020-12-19T06:11:44.758Z", "user": 1, "content_type": 8, "object_id": "7", "object_repr": "Course des morts MMXVIII", "action_flag": 2, "change_message": "[{\"changed\": {\"fields\": [\"Bg color\", \"Bg overlay color\", \"Tags\"]}}]"}}, {"model": "admin.logentry", "pk": 27, "fields": {"action_time": "2020-12-19T06:12:53.185Z", "user": 1, "content_type": 8, "object_id": "8", "object_repr": "Matte Painting avec Benoit Pelchat", "action_flag": 2, "change_message": "[{\"changed\": {\"fields\": [\"Talkshit\", \"Bg color\", \"Bg overlay color\"]}}, {\"added\": {\"name\": \"blog image\", \"object\": \"img/b/TP2_v4.jpg\"}}]"}}, {"model": "admin.logentry", "pk": 28, "fields": {"action_time": "2020-12-19T06:22:18.481Z", "user": 1, "content_type": 8, "object_id": "9", "object_repr": "Studies de 2018", "action_flag": 1, "change_message": "[{\"added\": {}}, {\"added\": {\"name\": \"blog image\", \"object\": \"img/b/22.jpg\"}}, {\"added\": {\"name\": \"blog image\", \"object\": \"img/b/23.jpg\"}}, {\"added\": {\"name\": \"blog image\", \"object\": \"img/b/25.jpg\"}}, {\"added\": {\"name\": \"blog image\", \"object\": \"img/b/27.jpg\"}}, {\"added\": {\"name\": \"blog image\", \"object\": \"img/b/29.jpg\"}}, {\"added\": {\"name\": \"blog image\", \"object\": \"img/b/35-3.jpg\"}}, {\"added\": {\"name\": \"blog image\", \"object\": \"img/b/38.jpg\"}}, {\"added\": {\"name\": \"blog image\", \"object\": \"img/b/39.jpg\"}}, {\"added\": {\"name\": \"blog image\", \"object\": \"img/b/40.jpg\"}}]"}}, {"model": "admin.logentry", "pk": 29, "fields": {"action_time": "2020-12-19T06:25:55.562Z", "user": 1, "content_type": 8, "object_id": "8", "object_repr": "Matte Painting avec Benoit Pelchat", "action_flag": 2, "change_message": "[{\"changed\": {\"fields\": [\"Bg color\", \"Bg overlay color\"]}}, {\"deleted\": {\"name\": \"blog image\", \"object\": \"img/b/TP2_v4.jpg\"}}]"}}, {"model": "admin.logentry", "pk": 30, "fields": {"action_time": "2020-12-19T06:26:16.214Z", "user": 1, "content_type": 8, "object_id": "8", "object_repr": "Matte Painting avec Benoit Pelchat", "action_flag": 2, "change_message": "[{\"changed\": {\"fields\": [\"Bg color\", \"Bg overlay color\"]}}, {\"added\": {\"name\": \"blog image\", \"object\": \"img/b/TP2_v4_2lI3p5Z.jpg\"}}]"}}, {"model": "admin.logentry", "pk": 31, "fields": {"action_time": "2020-12-19T06:27:03.195Z", "user": 1, "content_type": 10, "object_id": "23", "object_repr": "img/b/TP2_v4_2lI3p5Z.jpg", "action_flag": 3, "change_message": ""}}, {"model": "admin.logentry", "pk": 32, "fields": {"action_time": "2020-12-19T06:27:03.278Z", "user": 1, "content_type": 10, "object_id": "12", "object_repr": "img/b/foodora3drender_3xyKJX7.jpg", "action_flag": 3, "change_message": ""}}, {"model": "admin.logentry", "pk": 33, "fields": {"action_time": "2020-12-19T06:27:21.233Z", "user": 1, "content_type": 8, "object_id": "8", "object_repr": "Matte Painting avec Benoit Pelchat", "action_flag": 2, "change_message": "[{\"changed\": {\"fields\": [\"Bg color\", \"Bg overlay color\"]}}, {\"added\": {\"name\": \"blog image\", \"object\": \"img/b/TP2_v4_Rukq2jy.jpg\"}}]"}}, {"model": "admin.logentry", "pk": 34, "fields": {"action_time": "2020-12-19T06:27:42.276Z", "user": 1, "content_type": 8, "object_id": "3", "object_repr": "Foodie", "action_flag": 2, "change_message": "[{\"changed\": {\"fields\": [\"Bg color\", \"Bg overlay color\"]}}, {\"deleted\": {\"name\": \"blog image\", \"object\": \"img/b/foodora3drender.jpg\"}}]"}}, {"model": "admin.logentry", "pk": 35, "fields": {"action_time": "2020-12-19T06:27:53.703Z", "user": 1, "content_type": 8, "object_id": "3", "object_repr": "Foodie", "action_flag": 2, "change_message": "[{\"changed\": {\"fields\": [\"Bg color\", \"Bg overlay color\"]}}, {\"changed\": {\"name\": \"blog image\", \"object\": \"img/b/foodora3drender_zoQdKzk.jpg\", \"fields\": [\"Blog Image\"]}}]"}}, {"model": "admin.logentry", "pk": 36, "fields": {"action_time": "2020-12-19T06:28:36.172Z", "user": 1, "content_type": 10, "object_id": "24", "object_repr": "img/b/TP2_v4_Rukq2jy.jpg", "action_flag": 3, "change_message": ""}}, {"model": "admin.logentry", "pk": 37, "fields": {"action_time": "2020-12-19T06:28:36.262Z", "user": 1, "content_type": 10, "object_id": "5", "object_repr": "img/b/foodora3drender_zoQdKzk.jpg", "action_flag": 3, "change_message": ""}}, {"model": "admin.logentry", "pk": 38, "fields": {"action_time": "2020-12-19T06:28:54.259Z", "user": 1, "content_type": 8, "object_id": "8", "object_repr": "Matte Painting avec Benoit Pelchat", "action_flag": 2, "change_message": "[{\"changed\": {\"fields\": [\"Bg color\", \"Bg overlay color\"]}}, {\"added\": {\"name\": \"blog image\", \"object\": \"img/b/TP2_v4_etVdNFe.jpg\"}}]"}}, {"model": "admin.logentry", "pk": 39, "fields": {"action_time": "2020-12-19T06:29:18.301Z", "user": 1, "content_type": 10, "object_id": "25", "object_repr": "img/b/TP2_v4_etVdNFe.jpg", "action_flag": 3, "change_message": ""}}, {"model": "admin.logentry", "pk": 40, "fields": {"action_time": "2020-12-19T06:31:01.951Z", "user": 1, "content_type": 8, "object_id": "8", "object_repr": "Matte Painting avec Benoit Pelchat", "action_flag": 2, "change_message": "[{\"changed\": {\"fields\": [\"Bg color\", \"Bg overlay color\"]}}, {\"added\": {\"name\": \"blog image\", \"object\": \"img/b/TP2_v4.jpg\"}}]"}}, {"model": "admin.logentry", "pk": 41, "fields": {"action_time": "2020-12-19T06:31:31.034Z", "user": 1, "content_type": 8, "object_id": "3", "object_repr": "Foodie", "action_flag": 2, "change_message": "[{\"changed\": {\"fields\": [\"Bg color\", \"Bg overlay color\"]}}, {\"added\": {\"name\": \"blog image\", \"object\": \"img/b/bikemessfoodora_01TP57O.jpg\"}}, {\"added\": {\"name\": \"blog image\", \"object\": \"img/b/foodora3drender.jpg\"}}]"}}, {"model": "admin.logentry", "pk": 42, "fields": {"action_time": "2020-12-19T06:33:16.637Z", "user": 1, "content_type": 8, "object_id": "8", "object_repr": "Matte Painting avec Benoit Pelchat", "action_flag": 2, "change_message": "[{\"changed\": {\"fields\": [\"Talkshit\", \"Bg color\", \"Bg overlay color\"]}}, {\"added\": {\"name\": \"blog image\", \"object\": \"img/b/TP2v4.jpg\"}}, {\"deleted\": {\"name\": \"blog image\", \"object\": \"img/b/TP2_v4.jpg\"}}]"}}, {"model": "admin.logentry", "pk": 43, "fields": {"action_time": "2020-12-19T06:33:55.721Z", "user": 1, "content_type": 8, "object_id": "8", "object_repr": "Matte Painting avec Benoit Pelchat", "action_flag": 2, "change_message": "[{\"changed\": {\"fields\": [\"Talkshit\", \"Bg color\", \"Bg overlay color\"]}}]"}}, {"model": "admin.logentry", "pk": 44, "fields": {"action_time": "2020-12-26T06:52:30.255Z", "user": 1, "content_type": 8, "object_id": "10", "object_repr": "Cartes de Noël", "action_flag": 1, "change_message": "[{\"added\": {}}, {\"added\": {\"name\": \"blog image\", \"object\": \"img/b/vaudreuil.jpg\"}}, {\"added\": {\"name\": \"blog image\", \"object\": \"img/b/jonquiere.jpg\"}}]"}}, {"model": "admin.logentry", "pk": 45, "fields": {"action_time": "2020-12-26T06:52:52.383Z", "user": 1, "content_type": 8, "object_id": "10", "object_repr": "Cartes de Noël", "action_flag": 2, "change_message": "[{\"changed\": {\"fields\": [\"Bg color\", \"Bg overlay color\", \"Tags\"]}}]"}}, {"model": "admin.logentry", "pk": 46, "fields": {"action_time": "2020-12-26T07:03:57.098Z", "user": 1, "content_type": 8, "object_id": "11", "object_repr": "Quantitative Discontinuity", "action_flag": 1, "change_message": "[{\"added\": {}}, {\"added\": {\"name\": \"blog image\", \"object\": \"img/b/8_Osiris1.jpg\"}}, {\"added\": {\"name\": \"blog image\", \"object\": \"img/b/8_Osiris2.jpg\"}}, {\"added\": {\"name\": \"blog image\", \"object\": \"img/b/RA.jpg\"}}, {\"added\": {\"name\": \"blog image\", \"object\": \"img/b/Mines_04.jpg\"}}, {\"added\": {\"name\": \"blog image\", \"object\": \"img/b/Loading_1_v2.jpg\"}}, {\"added\": {\"name\": \"blog image\", \"object\": \"img/b/Gondole.jpg\"}}, {\"added\": {\"name\": \"blog image\", \"object\": \"img/b/Cratescrop.jpg\"}}]"}}, {"model": "admin.logentry", "pk": 47, "fields": {"action_time": "2020-12-26T07:08:48.048Z", "user": 1, "content_type": 8, "object_id": "12", "object_repr": "Griffintown", "action_flag": 1, "change_message": "[{\"added\": {}}]"}}, {"model": "admin.logentry", "pk": 48, "fields": {"action_time": "2020-12-26T07:09:46.752Z", "user": 1, "content_type": 8, "object_id": "12", "object_repr": "Griffintown", "action_flag": 2, "change_message": "[{\"changed\": {\"fields\": [\"Bg color\", \"Bg overlay color\"]}}, {\"added\": {\"name\": \"blog image\", \"object\": \"img/b/street3.jpg\"}}]"}}, {"model": "admin.logentry", "pk": 49, "fields": {"action_time": "2020-12-26T07:11:20.095Z", "user": 1, "content_type": 8, "object_id": "11", "object_repr": "Quantitative Discontinuity", "action_flag": 2, "change_message": "[{\"changed\": {\"fields\": [\"Talkshit\", \"Bg color\", \"Bg overlay color\"]}}]"}}, {"model": "admin.logentry", "pk": 50, "fields": {"action_time": "2020-12-26T07:13:16.252Z", "user": 1, "content_type": 8, "object_id": "9", "object_repr": "Studies de 2018", "action_flag": 2, "change_message": "[{\"changed\": {\"fields\": [\"Talkshit\", \"Bg color\", \"Bg overlay color\"]}}, {\"added\": {\"name\": \"blog image\", \"object\": \"img/b/Kowloon.jpg\"}}]"}}, {"model": "admin.logentry", "pk": 51, "fields": {"action_time": "2020-12-28T21:16:45.759Z", "user": 1, "content_type": 8, "object_id": "13", "object_repr": "coming thru!", "action_flag": 1, "change_message": "[{\"added\": {}}, {\"added\": {\"name\": \"blog image\", \"object\": \"img/b/COMINGTHRU.jpg\"}}]"}}, {"model": "admin.logentry", "pk": 52, "fields": {"action_time": "2020-12-28T21:17:28.142Z", "user": 1, "content_type": 8, "object_id": "13", "object_repr": "coming thru!", "action_flag": 2, "change_message": "[{\"changed\": {\"fields\": [\"Bg color\", \"Bg overlay color\", \"Post date\"]}}]"}}, {"model": "admin.logentry", "pk": 53, "fields": {"action_time": "2020-12-30T23:03:37.974Z", "user": 1, "content_type": 8, "object_id": "13", "object_repr": "coming thru!", "action_flag": 2, "change_message": "[{\"changed\": {\"fields\": [\"Talkshit\", \"Bg color\", \"Bg overlay color\", \"Tags\"]}}]"}}, {"model": "admin.logentry", "pk": 54, "fields": {"action_time": "2020-12-30T23:09:44.610Z", "user": 1, "content_type": 8, "object_id": "14", "object_repr": "Bic", "action_flag": 1, "change_message": "[{\"added\": {}}, {\"added\": {\"name\": \"blog image\", \"object\": \"img/b/stylized4.jpg\"}}]"}}, {"model": "admin.logentry", "pk": 55, "fields": {"action_time": "2020-12-30T23:09:47.870Z", "user": 1, "content_type": 8, "object_id": "14", "object_repr": "Bic", "action_flag": 2, "change_message": "[{\"changed\": {\"fields\": [\"Bg color\", \"Bg overlay color\"]}}]"}}, {"model": "admin.logentry", "pk": 56, "fields": {"action_time": "2021-01-02T18:13:26.594Z", "user": 1, "content_type": 8, "object_id": "14", "object_repr": "Bic", "action_flag": 2, "change_message": "[{\"changed\": {\"fields\": [\"Bg color\", \"Bg overlay color\"]}}]"}}, {"model": "admin.logentry", "pk": 57, "fields": {"action_time": "2021-01-02T21:23:29.347Z", "user": 1, "content_type": 8, "object_id": "2", "object_repr": "Neon", "action_flag": 2, "change_message": "[{\"changed\": {\"fields\": [\"Talkshit\", \"Bg color\", \"Bg overlay color\"]}}]"}}, {"model": "admin.logentry", "pk": 58, "fields": {"action_time": "2021-01-02T21:33:04.498Z", "user": 1, "content_type": 8, "object_id": "13", "object_repr": "coming thru!", "action_flag": 2, "change_message": "[{\"changed\": {\"fields\": [\"Talkshit\", \"Bg color\", \"Bg overlay color\"]}}]"}}, {"model": "admin.logentry", "pk": 59, "fields": {"action_time": "2021-01-02T21:34:29.672Z", "user": 1, "content_type": 8, "object_id": "2", "object_repr": "Neon", "action_flag": 2, "change_message": "[{\"changed\": {\"fields\": [\"Bg color\", \"Bg overlay color\"]}}, {\"changed\": {\"name\": \"free image\", \"object\": \"img/f/try1.jpg\", \"fields\": [\"Posi X\"]}}, {\"changed\": {\"name\": \"free image\", \"object\": \"img/f/try2.jpg\", \"fields\": [\"Posi X\"]}}, {\"changed\": {\"name\": \"free image\", \"object\": \"img/f/try3.jpg\", \"fields\": [\"Posi X\"]}}, {\"changed\": {\"name\": \"free image\", \"object\": \"img/f/try4.jpg\", \"fields\": [\"Posi X\"]}}]"}}, {"model": "admin.logentry", "pk": 60, "fields": {"action_time": "2021-01-02T21:42:29.962Z", "user": 1, "content_type": 8, "object_id": "9", "object_repr": "Studies de 2018", "action_flag": 2, "change_message": "[{\"changed\": {\"fields\": [\"Talkshit\", \"Bg color\", \"Bg overlay color\"]}}]"}}, {"model": "admin.logentry", "pk": 61, "fields": {"action_time": "2021-01-02T21:43:11.098Z", "user": 1, "content_type": 8, "object_id": "9", "object_repr": "Studies de 2018", "action_flag": 2, "change_message": "[{\"changed\": {\"fields\": [\"Talkshit\", \"Bg color\", \"Bg overlay color\"]}}]"}}, {"model": "admin.logentry", "pk": 62, "fields": {"action_time": "2021-01-03T00:05:50.833Z", "user": 1, "content_type": 8, "object_id": "14", "object_repr": "Bic", "action_flag": 2, "change_message": "[{\"changed\": {\"fields\": [\"Bg color\", \"Bg overlay color\"]}}, {\"added\": {\"name\": \"free image\", \"object\": \"img/f/bicphoto.jpg\"}}]"}}, {"model": "admin.logentry", "pk": 63, "fields": {"action_time": "2021-01-03T00:22:53.767Z", "user": 1, "content_type": 8, "object_id": "14", "object_repr": "Bic", "action_flag": 2, "change_message": "[{\"changed\": {\"fields\": [\"Talkshit\", \"Bg color\", \"Bg overlay color\"]}}]"}}, {"model": "admin.logentry", "pk": 64, "fields": {"action_time": "2021-01-03T00:23:31.384Z", "user": 1, "content_type": 8, "object_id": "14", "object_repr": "Bic", "action_flag": 2, "change_message": "[{\"changed\": {\"fields\": [\"Talkshit\", \"Bg color\", \"Bg overlay color\"]}}, {\"changed\": {\"name\": \"free image\", \"object\": \"img/f/bicphoto.jpg\", \"fields\": [\"Posi Y\"]}}]"}}, {"model": "admin.logentry", "pk": 65, "fields": {"action_time": "2021-01-03T00:24:29.673Z", "user": 1, "content_type": 8, "object_id": "14", "object_repr": "Bic", "action_flag": 2, "change_message": "[{\"changed\": {\"fields\": [\"Bg color\", \"Bg overlay color\"]}}]"}}, {"model": "admin.logentry", "pk": 66, "fields": {"action_time": "2021-01-03T00:24:37.394Z", "user": 1, "content_type": 8, "object_id": "3", "object_repr": "Foodie", "action_flag": 2, "change_message": "[{\"changed\": {\"fields\": [\"Bg color\", \"Bg overlay color\", \"Tags\"]}}]"}}, {"model": "admin.logentry", "pk": 67, "fields": {"action_time": "2021-01-03T01:07:34.724Z", "user": 1, "content_type": 8, "object_id": "15", "object_repr": "manga cam!", "action_flag": 1, "change_message": "[{\"added\": {}}, {\"added\": {\"name\": \"blog image\", \"object\": \"img/b/mangacam.jpg\"}}]"}}, {"model": "admin.logentry", "pk": 68, "fields": {"action_time": "2021-01-03T01:08:40.400Z", "user": 1, "content_type": 8, "object_id": "13", "object_repr": "coming thru!", "action_flag": 2, "change_message": "[{\"changed\": {\"fields\": [\"Talkshit\", \"Bg color\", \"Bg overlay color\"]}}]"}}, {"model": "admin.logentry", "pk": 69, "fields": {"action_time": "2021-01-03T01:27:14.466Z", "user": 1, "content_type": 8, "object_id": "14", "object_repr": "Bic", "action_flag": 2, "change_message": "[{\"changed\": {\"fields\": [\"Bg color\", \"Bg overlay color\"]}}, {\"changed\": {\"name\": \"free image\", \"object\": \"img/f/bicphoto.jpg\", \"fields\": [\"Posi X\", \"Posi Y\"]}}]"}}, {"model": "admin.logentry", "pk": 70, "fields": {"action_time": "2021-01-03T01:27:29.913Z", "user": 1, "content_type": 8, "object_id": "14", "object_repr": "Bic", "action_flag": 2, "change_message": "[{\"changed\": {\"fields\": [\"Bg color\", \"Bg overlay color\"]}}, {\"changed\": {\"name\": \"free image\", \"object\": \"img/f/bicphoto.jpg\", \"fields\": [\"Posi Y\"]}}]"}}, {"model": "admin.logentry", "pk": 71, "fields": {"action_time": "2021-01-07T05:01:21.389Z", "user": 1, "content_type": 8, "object_id": "16", "object_repr": "Recap 2020", "action_flag": 1, "change_message": "[{\"added\": {}}]"}}, {"model": "admin.logentry", "pk": 72, "fields": {"action_time": "2021-01-07T05:01:54.047Z", "user": 1, "content_type": 8, "object_id": "16", "object_repr": "Recap 2020", "action_flag": 2, "change_message": "[{\"changed\": {\"fields\": [\"Bg color\", \"Bg overlay color\", \"Tags\"]}}]"}}, {"model": "admin.logentry", "pk": 73, "fields": {"action_time": "2021-01-07T05:13:10.470Z", "user": 1, "content_type": 8, "object_id": "17", "object_repr": "Bétonautes", "action_flag": 1, "change_message": "[{\"added\": {}}, {\"added\": {\"name\": \"blog image\", \"object\": \"img/b/overpass.jpg\"}}]"}}, {"model": "admin.logentry", "pk": 74, "fields": {"action_time": "2021-01-07T05:14:13.000Z", "user": 1, "content_type": 8, "object_id": "16", "object_repr": "Recap 2020", "action_flag": 2, "change_message": "[{\"changed\": {\"fields\": [\"Talkshit\", \"Bg color\", \"Bg overlay color\"]}}]"}}, {"model": "admin.logentry", "pk": 75, "fields": {"action_time": "2021-01-07T21:12:42.674Z", "user": 1, "content_type": 8, "object_id": "18", "object_repr": "Foggy", "action_flag": 1, "change_message": "[{\"added\": {}}, {\"added\": {\"name\": \"blog image\", \"object\": \"img/b/1.jpg\"}}]"}}, {"model": "admin.logentry", "pk": 76, "fields": {"action_time": "2021-01-07T21:17:00.115Z", "user": 1, "content_type": 8, "object_id": "17", "object_repr": "Bétonautes", "action_flag": 2, "change_message": "[{\"changed\": {\"fields\": [\"Bg color\", \"Bg overlay color\", \"Tags\", \"Post date\"]}}]"}}, {"model": "admin.logentry", "pk": 77, "fields": {"action_time": "2021-01-09T18:32:04.952Z", "user": 1, "content_type": 8, "object_id": "18", "object_repr": "Foggy", "action_flag": 2, "change_message": "[{\"changed\": {\"fields\": [\"Bg color\", \"Bg overlay color\"]}}]"}}, {"model": "admin.logentry", "pk": 78, "fields": {"action_time": "2021-01-09T18:32:08.318Z", "user": 1, "content_type": 8, "object_id": "17", "object_repr": "Bétonautes", "action_flag": 2, "change_message": "[{\"changed\": {\"fields\": [\"Bg color\", \"Bg overlay color\"]}}]"}}, {"model": "admin.logentry", "pk": 79, "fields": {"action_time": "2021-01-09T18:32:11.576Z", "user": 1, "content_type": 8, "object_id": "16", "object_repr": "Recap 2020", "action_flag": 2, "change_message": "[{\"changed\": {\"fields\": [\"Bg color\", \"Bg overlay color\"]}}]"}}, {"model": "admin.logentry", "pk": 80, "fields": {"action_time": "2021-01-09T18:32:15.569Z", "user": 1, "content_type": 8, "object_id": "15", "object_repr": "manga cam!", "action_flag": 2, "change_message": "[{\"changed\": {\"fields\": [\"Bg color\", \"Bg overlay color\"]}}]"}}, {"model": "admin.logentry", "pk": 81, "fields": {"action_time": "2021-01-09T18:32:19.172Z", "user": 1, "content_type": 8, "object_id": "14", "object_repr": "Bic", "action_flag": 2, "change_message": "[{\"changed\": {\"fields\": [\"Bg color\", \"Bg overlay color\"]}}]"}}, {"model": "admin.logentry", "pk": 82, "fields": {"action_time": "2021-01-09T18:32:22.575Z", "user": 1, "content_type": 8, "object_id": "13", "object_repr": "coming thru!", "action_flag": 2, "change_message": "[{\"changed\": {\"fields\": [\"Bg color\", \"Bg overlay color\"]}}]"}}, {"model": "admin.logentry", "pk": 83, "fields": {"action_time": "2021-01-09T18:32:25.807Z", "user": 1, "content_type": 8, "object_id": "13", "object_repr": "coming thru!", "action_flag": 2, "change_message": "[{\"changed\": {\"fields\": [\"Bg color\", \"Bg overlay color\"]}}]"}}, {"model": "admin.logentry", "pk": 84, "fields": {"action_time": "2021-01-09T18:32:29.257Z", "user": 1, "content_type": 8, "object_id": "12", "object_repr": "Griffintown", "action_flag": 2, "change_message": "[{\"changed\": {\"fields\": [\"Bg color\", \"Bg overlay color\"]}}]"}}, {"model": "admin.logentry", "pk": 85, "fields": {"action_time": "2021-01-09T18:32:32.629Z", "user": 1, "content_type": 8, "object_id": "12", "object_repr": "Griffintown", "action_flag": 2, "change_message": "[{\"changed\": {\"fields\": [\"Bg color\", \"Bg overlay color\"]}}]"}}, {"model": "admin.logentry", "pk": 86, "fields": {"action_time": "2021-01-09T18:32:35.810Z", "user": 1, "content_type": 8, "object_id": "12", "object_repr": "Griffintown", "action_flag": 2, "change_message": "[{\"changed\": {\"fields\": [\"Bg color\", \"Bg overlay color\"]}}]"}}, {"model": "admin.logentry", "pk": 87, "fields": {"action_time": "2021-01-09T18:32:39.389Z", "user": 1, "content_type": 8, "object_id": "11", "object_repr": "Quantitative Discontinuity", "action_flag": 2, "change_message": "[{\"changed\": {\"fields\": [\"Bg color\", \"Bg overlay color\"]}}]"}}, {"model": "admin.logentry", "pk": 88, "fields": {"action_time": "2021-01-09T18:32:42.741Z", "user": 1, "content_type": 8, "object_id": "10", "object_repr": "Cartes de Noël", "action_flag": 2, "change_message": "[{\"changed\": {\"fields\": [\"Bg color\", \"Bg overlay color\"]}}]"}}, {"model": "admin.logentry", "pk": 89, "fields": {"action_time": "2021-01-09T18:32:45.920Z", "user": 1, "content_type": 8, "object_id": "10", "object_repr": "Cartes de Noël", "action_flag": 2, "change_message": "[{\"changed\": {\"fields\": [\"Bg color\", \"Bg overlay color\"]}}]"}}, {"model": "admin.logentry", "pk": 90, "fields": {"action_time": "2021-01-09T18:32:50.413Z", "user": 1, "content_type": 8, "object_id": "9", "object_repr": "Studies de 2018", "action_flag": 2, "change_message": "[{\"changed\": {\"fields\": [\"Bg color\", \"Bg overlay color\"]}}]"}}, {"model": "admin.logentry", "pk": 91, "fields": {"action_time": "2021-01-09T18:32:53.626Z", "user": 1, "content_type": 8, "object_id": "8", "object_repr": "Matte Painting avec Benoit Pelchat", "action_flag": 2, "change_message": "[{\"changed\": {\"fields\": [\"Bg color\", \"Bg overlay color\"]}}]"}}, {"model": "admin.logentry", "pk": 92, "fields": {"action_time": "2021-01-09T18:32:56.727Z", "user": 1, "content_type": 8, "object_id": "7", "object_repr": "Course des morts MMXVIII", "action_flag": 2, "change_message": "[{\"changed\": {\"fields\": [\"Bg color\", \"Bg overlay color\"]}}]"}}, {"model": "admin.logentry", "pk": 93, "fields": {"action_time": "2021-01-09T18:33:00.599Z", "user": 1, "content_type": 8, "object_id": "6", "object_repr": "Big Daddy", "action_flag": 2, "change_message": "[{\"changed\": {\"fields\": [\"Bg color\", \"Bg overlay color\"]}}]"}}, {"model": "admin.logentry", "pk": 94, "fields": {"action_time": "2021-01-09T18:33:04.547Z", "user": 1, "content_type": 8, "object_id": "5", "object_repr": "Western", "action_flag": 2, "change_message": "[{\"changed\": {\"fields\": [\"Bg color\", \"Bg overlay color\"]}}]"}}, {"model": "admin.logentry", "pk": 95, "fields": {"action_time": "2021-01-09T18:33:07.576Z", "user": 1, "content_type": 8, "object_id": "4", "object_repr": "Collage National Geographic", "action_flag": 2, "change_message": "[{\"changed\": {\"fields\": [\"Bg color\", \"Bg overlay color\"]}}]"}}, {"model": "admin.logentry", "pk": 96, "fields": {"action_time": "2021-01-09T18:33:12.011Z", "user": 1, "content_type": 8, "object_id": "3", "object_repr": "Foodie", "action_flag": 2, "change_message": "[{\"changed\": {\"fields\": [\"Bg color\", \"Bg overlay color\"]}}]"}}, {"model": "admin.logentry", "pk": 97, "fields": {"action_time": "2021-01-09T18:33:16.462Z", "user": 1, "content_type": 8, "object_id": "2", "object_repr": "Neon", "action_flag": 2, "change_message": "[{\"changed\": {\"fields\": [\"Bg color\", \"Bg overlay color\"]}}]"}}, {"model": "admin.logentry", "pk": 98, "fields": {"action_time": "2021-01-11T21:25:11.808Z", "user": 1, "content_type": 8, "object_id": "16", "object_repr": "Recap 2020", "action_flag": 2, "change_message": "[{\"changed\": {\"fields\": [\"Bg color\", \"Bg overlay color\", \"Tags\"]}}]"}}, {"model": "admin.logentry", "pk": 99, "fields": {"action_time": "2021-01-14T21:49:17.593Z", "user": 1, "content_type": 8, "object_id": "19", "object_repr": "Selfie", "action_flag": 1, "change_message": "[{\"added\": {}}, {\"added\": {\"name\": \"blog image\", \"object\": \"img/b/seb2019.jpg\"}}]"}}, {"model": "admin.logentry", "pk": 100, "fields": {"action_time": "2021-01-15T03:52:20.336Z", "user": 1, "content_type": 8, "object_id": "16", "object_repr": "Recap 2020", "action_flag": 2, "change_message": "[{\"changed\": {\"fields\": [\"Talkshit\", \"Bg color\", \"Bg overlay color\"]}}]"}}, {"model": "admin.logentry", "pk": 101, "fields": {"action_time": "2021-01-17T21:04:14.310Z", "user": 1, "content_type": 8, "object_id": "16", "object_repr": "Recap 2020", "action_flag": 3, "change_message": ""}}, {"model": "admin.logentry", "pk": 102, "fields": {"action_time": "2021-01-17T21:14:21.833Z", "user": 1, "content_type": 8, "object_id": "20", "object_repr": "Librairie le Désordre", "action_flag": 1, "change_message": "[{\"added\": {}}]"}}, {"model": "admin.logentry", "pk": 103, "fields": {"action_time": "2021-01-17T21:15:14.177Z", "user": 1, "content_type": 8, "object_id": "20", "object_repr": "Librairie le Désordre", "action_flag": 2, "change_message": "[{\"changed\": {\"fields\": [\"Talkshit\", \"Bg color\", \"Bg overlay color\"]}}]"}}, {"model": "admin.logentry", "pk": 104, "fields": {"action_time": "2021-01-17T21:15:56.698Z", "user": 1, "content_type": 8, "object_id": "20", "object_repr": "Librairie le Désordre", "action_flag": 2, "change_message": "[{\"changed\": {\"fields\": [\"Talkshit\", \"Bg color\", \"Bg overlay color\"]}}]"}}, {"model": "admin.logentry", "pk": 105, "fields": {"action_time": "2021-01-17T21:16:12.813Z", "user": 1, "content_type": 8, "object_id": "20", "object_repr": "Librairie le Désordre", "action_flag": 2, "change_message": "[{\"changed\": {\"fields\": [\"Talkshit\", \"Bg color\", \"Bg overlay color\"]}}]"}}, {"model": "admin.logentry", "pk": 106, "fields": {"action_time": "2021-01-17T21:17:57.386Z", "user": 1, "content_type": 8, "object_id": "20", "object_repr": "Librairie le Désordre", "action_flag": 2, "change_message": "[{\"changed\": {\"fields\": [\"Talkshit\", \"Bg color\", \"Bg overlay color\"]}}]"}}, {"model": "admin.logentry", "pk": 107, "fields": {"action_time": "2021-01-17T21:18:25.109Z", "user": 1, "content_type": 8, "object_id": "20", "object_repr": "Librairie le Désordre", "action_flag": 2, "change_message": "[{\"changed\": {\"fields\": [\"Talkshit\", \"Bg color\", \"Bg overlay color\"]}}]"}}, {"model": "admin.logentry", "pk": 108, "fields": {"action_time": "2021-01-20T06:08:50.701Z", "user": 1, "content_type": 8, "object_id": "20", "object_repr": "Librairie le Désordre", "action_flag": 2, "change_message": "[{\"changed\": {\"fields\": [\"Bg color\", \"Bg overlay color\", \"Post date\"]}}]"}}, {"model": "admin.logentry", "pk": 109, "fields": {"action_time": "2021-01-20T06:10:52.134Z", "user": 1, "content_type": 8, "object_id": "21", "object_repr": "Chambre 2021", "action_flag": 1, "change_message": "[{\"added\": {}}, {\"added\": {\"name\": \"blog image\", \"object\": \"img/b/chambre2021.jpg\"}}]"}}, {"model": "admin.logentry", "pk": 110, "fields": {"action_time": "2021-02-20T18:50:50.835Z", "user": 1, "content_type": 8, "object_id": "22", "object_repr": "LÖÖP", "action_flag": 1, "change_message": "[{\"added\": {}}]"}}, {"model": "admin.logentry", "pk": 111, "fields": {"action_time": "2021-02-20T18:51:12.445Z", "user": 1, "content_type": 8, "object_id": "22", "object_repr": "LÖÖP", "action_flag": 2, "change_message": "[{\"added\": {\"name\": \"blog image\", \"object\": \"img/b/yunstudy2.png\"}}]"}}, {"model": "admin.logentry", "pk": 112, "fields": {"action_time": "2021-02-20T18:53:53.083Z", "user": 1, "content_type": 8, "object_id": "23", "object_repr": "L'état de ma chambre", "action_flag": 1, "change_message": "[{\"added\": {}}, {\"added\": {\"name\": \"blog image\", \"object\": \"img/b/studydesktop.png\"}}]"}}, {"model": "admin.logentry", "pk": 113, "fields": {"action_time": "2021-02-20T18:54:55.127Z", "user": 1, "content_type": 8, "object_id": "23", "object_repr": "Bureau 2021", "action_flag": 2, "change_message": "[{\"changed\": {\"fields\": [\"Title\", \"Talkshit\"]}}]"}}, {"model": "admin.logentry", "pk": 114, "fields": {"action_time": "2021-03-05T05:35:31.392Z", "user": 1, "content_type": 8, "object_id": "24", "object_repr": "Sheeps!", "action_flag": 1, "change_message": "[{\"added\": {}}, {\"added\": {\"name\": \"blog image\", \"object\": \"img/b/SheepFour.jpg\"}}, {\"added\": {\"name\": \"blog image\", \"object\": \"img/b/SheepSeven.jpg\"}}, {\"added\": {\"name\": \"blog image\", \"object\": \"img/b/SheepTechnoOne.jpg\"}}, {\"added\": {\"name\": \"blog image\", \"object\": \"img/b/SheepThree.jpg\"}}, {\"added\": {\"name\": \"blog image\", \"object\": \"img/b/SheepTwo.jpg\"}}]"}}, {"model": "admin.logentry", "pk": 115, "fields": {"action_time": "2021-03-06T18:59:37.975Z", "user": 1, "content_type": 8, "object_id": "25", "object_repr": "Heavy Snow", "action_flag": 1, "change_message": "[{\"added\": {}}, {\"added\": {\"name\": \"blog image\", \"object\": \"img/b/neigelourde.png\"}}]"}}, {"model": "admin.logentry", "pk": 116, "fields": {"action_time": "2021-03-06T20:09:01.367Z", "user": 1, "content_type": 8, "object_id": "26", "object_repr": "Travel Paintings", "action_flag": 1, "change_message": "[{\"added\": {}}, {\"added\": {\"name\": \"blog image\", \"object\": \"img/b/watercolor20201.jpg\"}}, {\"added\": {\"name\": \"blog image\", \"object\": \"img/b/watercolor20202.jpg\"}}, {\"added\": {\"name\": \"blog image\", \"object\": \"img/b/watercolor20203.jpg\"}}, {\"added\": {\"name\": \"blog image\", \"object\": \"img/b/watercolor20204.jpg\"}}, {\"added\": {\"name\": \"blog image\", \"object\": \"img/b/watercolor20205.jpg\"}}]"}}, {"model": "admin.logentry", "pk": 117, "fields": {"action_time": "2021-03-06T20:10:02.023Z", "user": 1, "content_type": 8, "object_id": "25", "object_repr": "Heavy Snow", "action_flag": 2, "change_message": "[{\"changed\": {\"fields\": [\"Talkshit\"]}}]"}}, {"model": "admin.logentry", "pk": 118, "fields": {"action_time": "2021-03-06T20:10:54.571Z", "user": 1, "content_type": 8, "object_id": "26", "object_repr": "Travel Paintings", "action_flag": 2, "change_message": "[{\"changed\": {\"fields\": [\"Talkshit\"]}}]"}}, {"model": "admin.logentry", "pk": 119, "fields": {"action_time": "2021-03-06T20:13:04.472Z", "user": 1, "content_type": 8, "object_id": "24", "object_repr": "Sheeps!", "action_flag": 2, "change_message": "[{\"changed\": {\"fields\": [\"Post date\"]}}]"}}, {"model": "admin.logentry", "pk": 120, "fields": {"action_time": "2021-03-06T20:15:48.265Z", "user": 1, "content_type": 8, "object_id": "24", "object_repr": "Sheeps!", "action_flag": 2, "change_message": "[]"}}, {"model": "admin.logentry", "pk": 121, "fields": {"action_time": "2021-03-06T20:21:41.485Z", "user": 1, "content_type": 8, "object_id": "2", "object_repr": "Neon", "action_flag": 2, "change_message": "[{\"changed\": {\"fields\": [\"Talkshit\"]}}, {\"deleted\": {\"name\": \"free image\", \"object\": \"img/f/try1.jpg\"}}, {\"deleted\": {\"name\": \"free image\", \"object\": \"img/f/try2.jpg\"}}, {\"deleted\": {\"name\": \"free image\", \"object\": \"img/f/try3.jpg\"}}, {\"deleted\": {\"name\": \"free image\", \"object\": \"img/f/try4.jpg\"}}, {\"added\": {\"name\": \"blog image\", \"object\": \"img/b/neon_it.png\"}}]"}}, {"model": "admin.logentry", "pk": 122, "fields": {"action_time": "2021-03-06T20:22:23.709Z", "user": 1, "content_type": 8, "object_id": "2", "object_repr": "Neon", "action_flag": 2, "change_message": "[{\"changed\": {\"fields\": [\"Talkshit\"]}}]"}}, {"model": "admin.logentry", "pk": 123, "fields": {"action_time": "2021-03-06T20:30:41.171Z", "user": 1, "content_type": 8, "object_id": "2", "object_repr": "Neon", "action_flag": 2, "change_message": "[{\"changed\": {\"fields\": [\"Talkshit\"]}}]"}}, {"model": "admin.logentry", "pk": 124, "fields": {"action_time": "2021-03-06T20:31:10.457Z", "user": 1, "content_type": 8, "object_id": "2", "object_repr": "Neon", "action_flag": 2, "change_message": "[{\"changed\": {\"fields\": [\"Talkshit\"]}}]"}}, {"model": "admin.logentry", "pk": 125, "fields": {"action_time": "2021-03-06T21:18:46.812Z", "user": 1, "content_type": 8, "object_id": "27", "object_repr": "Doggo Digger", "action_flag": 1, "change_message": "[{\"added\": {}}, {\"added\": {\"name\": \"blog image\", \"object\": \"img/b/doggodigger2.jpg\"}}]"}}, {"model": "admin.logentry", "pk": 126, "fields": {"action_time": "2021-03-06T21:19:28.056Z", "user": 1, "content_type": 8, "object_id": "15", "object_repr": "manga cam", "action_flag": 2, "change_message": "[{\"changed\": {\"fields\": [\"Title\"]}}]"}}, {"model": "admin.logentry", "pk": 127, "fields": {"action_time": "2021-03-06T21:21:33.118Z", "user": 1, "content_type": 8, "object_id": "24", "object_repr": "Sheeps!", "action_flag": 2, "change_message": "[{\"changed\": {\"fields\": [\"Talkshit\"]}}]"}}, {"model": "admin.logentry", "pk": 128, "fields": {"action_time": "2021-03-06T21:30:28.945Z", "user": 1, "content_type": 8, "object_id": "26", "object_repr": "Travel Paintings", "action_flag": 2, "change_message": "[{\"changed\": {\"fields\": [\"Talkshit\"]}}, {\"changed\": {\"name\": \"blog image\", \"object\": \"img/b/watercolor20201_NFr3pqM.jpg\", \"fields\": [\"Blog Image\"]}}]"}}, {"model": "admin.logentry", "pk": 129, "fields": {"action_time": "2021-03-06T21:43:43.305Z", "user": 1, "content_type": 8, "object_id": "26", "object_repr": "Travel Paintings", "action_flag": 2, "change_message": "[{\"changed\": {\"fields\": [\"Talkshit\"]}}]"}}, {"model": "admin.logentry", "pk": 130, "fields": {"action_time": "2021-03-06T21:45:03.267Z", "user": 1, "content_type": 13, "object_id": "1", "object_repr": "Digital", "action_flag": 1, "change_message": "[{\"added\": {}}]"}}, {"model": "admin.logentry", "pk": 131, "fields": {"action_time": "2021-03-06T21:45:28.266Z", "user": 1, "content_type": 13, "object_id": "2", "object_repr": "Real", "action_flag": 1, "change_message": "[{\"added\": {}}]"}}, {"model": "admin.logentry", "pk": 132, "fields": {"action_time": "2021-03-06T21:45:39.285Z", "user": 1, "content_type": 8, "object_id": "26", "object_repr": "Travel Paintings", "action_flag": 2, "change_message": "[{\"changed\": {\"fields\": [\"Category\"]}}]"}}, {"model": "admin.logentry", "pk": 133, "fields": {"action_time": "2021-03-06T21:46:07.200Z", "user": 1, "content_type": 8, "object_id": "22", "object_repr": "LÖÖP", "action_flag": 2, "change_message": "[{\"changed\": {\"fields\": [\"Category\"]}}]"}}, {"model": "admin.logentry", "pk": 134, "fields": {"action_time": "2021-03-06T21:46:13.913Z", "user": 1, "content_type": 8, "object_id": "20", "object_repr": "Librairie le Désordre", "action_flag": 2, "change_message": "[{\"changed\": {\"fields\": [\"Category\"]}}]"}}, {"model": "admin.logentry", "pk": 135, "fields": {"action_time": "2021-03-06T21:46:23.332Z", "user": 1, "content_type": 8, "object_id": "14", "object_repr": "Bic", "action_flag": 2, "change_message": "[{\"changed\": {\"fields\": [\"Category\"]}}]"}}, {"model": "admin.logentry", "pk": 136, "fields": {"action_time": "2021-03-06T21:48:58.025Z", "user": 1, "content_type": 8, "object_id": "26", "object_repr": "Travel Paintings", "action_flag": 2, "change_message": "[{\"changed\": {\"fields\": [\"Talkshit\"]}}]"}}, {"model": "admin.logentry", "pk": 137, "fields": {"action_time": "2021-03-06T21:58:44.475Z", "user": 1, "content_type": 13, "object_id": "2", "object_repr": "Real", "action_flag": 3, "change_message": ""}}, {"model": "admin.logentry", "pk": 138, "fields": {"action_time": "2021-03-06T21:58:44.563Z", "user": 1, "content_type": 13, "object_id": "1", "object_repr": "Digital", "action_flag": 3, "change_message": ""}}, {"model": "admin.logentry", "pk": 139, "fields": {"action_time": "2021-03-06T21:59:08.654Z", "user": 1, "content_type": 13, "object_id": "3", "object_repr": "Digital", "action_flag": 1, "change_message": "[{\"added\": {}}]"}}, {"model": "admin.logentry", "pk": 140, "fields": {"action_time": "2021-03-06T21:59:12.946Z", "user": 1, "content_type": 13, "object_id": "4", "object_repr": "Real", "action_flag": 1, "change_message": "[{\"added\": {}}]"}}, {"model": "admin.logentry", "pk": 141, "fields": {"action_time": "2021-03-06T21:59:24.780Z", "user": 1, "content_type": 8, "object_id": "26", "object_repr": "Travel Paintings", "action_flag": 2, "change_message": "[{\"changed\": {\"fields\": [\"Category\"]}}]"}}, {"model": "admin.logentry", "pk": 142, "fields": {"action_time": "2021-03-06T21:59:36.149Z", "user": 1, "content_type": 8, "object_id": "20", "object_repr": "Librairie le Désordre", "action_flag": 2, "change_message": "[{\"changed\": {\"fields\": [\"Category\"]}}]"}}, {"model": "admin.logentry", "pk": 143, "fields": {"action_time": "2021-03-09T03:38:30.390Z", "user": 1, "content_type": 8, "object_id": "28", "object_repr": "Near the five roses", "action_flag": 1, "change_message": "[{\"added\": {}}, {\"added\": {\"name\": \"blog image\", \"object\": \"img/b/laurent2resize.jpg\"}}, {\"added\": {\"name\": \"blog image\", \"object\": \"img/b/laurent3resize.jpg\"}}, {\"added\": {\"name\": \"blog image\", \"object\": \"img/b/plafondnoir1resize.jpg\"}}]"}}, {"model": "admin.logentry", "pk": 144, "fields": {"action_time": "2021-03-13T20:48:20.202Z", "user": 1, "content_type": 8, "object_id": "22", "object_repr": "LÖÖP", "action_flag": 2, "change_message": "[{\"changed\": {\"fields\": [\"Talkshit\"]}}, {\"deleted\": {\"name\": \"blog image\", \"object\": \"\"}}]"}}, {"model": "admin.logentry", "pk": 145, "fields": {"action_time": "2021-03-13T21:15:49.553Z", "user": 1, "content_type": 8, "object_id": "29", "object_repr": "Plexus EP", "action_flag": 1, "change_message": "[{\"added\": {}}]"}}, {"model": "admin.logentry", "pk": 146, "fields": {"action_time": "2021-03-13T21:17:34.392Z", "user": 1, "content_type": 8, "object_id": "29", "object_repr": "Plexus EP", "action_flag": 2, "change_message": "[{\"changed\": {\"fields\": [\"Talkshit\", \"Tags\"]}}]"}}, {"model": "admin.logentry", "pk": 147, "fields": {"action_time": "2021-03-13T21:20:20.313Z", "user": 1, "content_type": 8, "object_id": "29", "object_repr": "Plexus EP", "action_flag": 2, "change_message": "[{\"changed\": {\"fields\": [\"Talkshit\"]}}, {\"added\": {\"name\": \"blog image\", \"object\": \"img/b/cover1plexus.jpg\"}}, {\"added\": {\"name\": \"blog image\", \"object\": \"img/b/cover2circuit.jpg\"}}, {\"added\": {\"name\": \"blog image\", \"object\": \"img/b/cover3traffic.jpg\"}}]"}}, {"model": "admin.logentry", "pk": 148, "fields": {"action_time": "2021-03-14T14:03:09.172Z", "user": 1, "content_type": 8, "object_id": "30", "object_repr": "Matt", "action_flag": 1, "change_message": "[{\"added\": {}}, {\"added\": {\"name\": \"blog image\", \"object\": \"img/b/matt.jpg\"}}]"}}, {"model": "admin.logentry", "pk": 149, "fields": {"action_time": "2021-03-15T03:31:45.010Z", "user": 1, "content_type": 8, "object_id": "26", "object_repr": "Travel Paintings", "action_flag": 2, "change_message": "[{\"changed\": {\"fields\": [\"Talkshit\"]}}, {\"changed\": {\"name\": \"blog image\", \"object\": \"\", \"fields\": [\"Blog Image\"]}}]"}}, {"model": "admin.logentry", "pk": 150, "fields": {"action_time": "2021-03-15T03:43:47.826Z", "user": 1, "content_type": 8, "object_id": "20", "object_repr": "Librairie le Désordre", "action_flag": 2, "change_message": "[{\"changed\": {\"fields\": [\"Talkshit\", \"Tags\"]}}, {\"added\": {\"name\": \"pano image\", \"object\": \"img/p/libdessharp.jpg\"}}]"}}, {"model": "admin.logentry", "pk": 151, "fields": {"action_time": "2021-04-18T15:25:39.794Z", "user": 1, "content_type": 1, "object_id": "1", "object_repr": "Django", "action_flag": 2, "change_message": "[{\"changed\": {\"fields\": [\"Visible\", \"Title\", \"Background color\", \"Text color\", \"Link hover color\", \"Background color\", \"Link hover color\", \"Link color\", \"Link hover color\", \"Background color\", \"Background hover color\"]}}]"}}, {"model": "admin.logentry", "pk": 152, "fields": {"action_time": "2021-04-18T15:38:15.345Z", "user": 1, "content_type": 8, "object_id": "31", "object_repr": "rectangle universe", "action_flag": 1, "change_message": "[{\"added\": {}}, {\"added\": {\"name\": \"blog image\", \"object\": \"img/b/collagemaghreb.jpg\"}}]"}}, {"model": "admin.logentry", "pk": 153, "fields": {"action_time": "2021-04-19T16:22:18.817Z", "user": 1, "content_type": 13, "object_id": "4", "object_repr": "Real", "action_flag": 3, "change_message": ""}}, {"model": "admin.logentry", "pk": 154, "fields": {"action_time": "2021-04-19T16:22:18.854Z", "user": 1, "content_type": 13, "object_id": "3", "object_repr": "Digital", "action_flag": 3, "change_message": ""}}, {"model": "admin.logentry", "pk": 155, "fields": {"action_time": "2021-04-19T16:23:45.512Z", "user": 1, "content_type": 13, "object_id": "5", "object_repr": "photo", "action_flag": 1, "change_message": "[{\"added\": {}}]"}}, {"model": "admin.logentry", "pk": 156, "fields": {"action_time": "2021-04-19T16:24:07.136Z", "user": 1, "content_type": 13, "object_id": "6", "object_repr": "concept", "action_flag": 1, "change_message": "[{\"added\": {}}]"}}, {"model": "admin.logentry", "pk": 157, "fields": {"action_time": "2021-04-19T16:24:41.723Z", "user": 1, "content_type": 13, "object_id": "6", "object_repr": "concept / 3D", "action_flag": 2, "change_message": "[{\"changed\": {\"fields\": [\"Category name\"]}}]"}}, {"model": "admin.logentry", "pk": 158, "fields": {"action_time": "2021-04-19T16:24:59.031Z", "user": 1, "content_type": 13, "object_id": "7", "object_repr": "illustration", "action_flag": 1, "change_message": "[{\"added\": {}}]"}}, {"model": "admin.logentry", "pk": 159, "fields": {"action_time": "2021-04-19T16:25:30.043Z", "user": 1, "content_type": 13, "object_id": "8", "object_repr": "misc", "action_flag": 1, "change_message": "[{\"added\": {}}]"}}, {"model": "admin.logentry", "pk": 160, "fields": {"action_time": "2021-04-19T16:26:11.854Z", "user": 1, "content_type": 8, "object_id": "29", "object_repr": "Plexus EP", "action_flag": 2, "change_message": "[{\"changed\": {\"fields\": [\"Category\"]}}]"}}, {"model": "admin.logentry", "pk": 161, "fields": {"action_time": "2021-04-19T16:27:30.005Z", "user": 1, "content_type": 13, "object_id": "8", "object_repr": "misc", "action_flag": 3, "change_message": ""}}, {"model": "admin.logentry", "pk": 162, "fields": {"action_time": "2021-04-19T16:27:30.034Z", "user": 1, "content_type": 13, "object_id": "7", "object_repr": "illustration", "action_flag": 3, "change_message": ""}}, {"model": "admin.logentry", "pk": 163, "fields": {"action_time": "2021-04-19T16:27:30.060Z", "user": 1, "content_type": 13, "object_id": "6", "object_repr": "concept / 3D", "action_flag": 3, "change_message": ""}}, {"model": "admin.logentry", "pk": 164, "fields": {"action_time": "2021-04-19T16:27:39.476Z", "user": 1, "content_type": 13, "object_id": "9", "object_repr": "digital", "action_flag": 1, "change_message": "[{\"added\": {}}]"}}, {"model": "admin.logentry", "pk": 165, "fields": {"action_time": "2021-04-19T16:27:47.039Z", "user": 1, "content_type": 13, "object_id": "10", "object_repr": "phtsical", "action_flag": 1, "change_message": "[{\"added\": {}}]"}}, {"model": "admin.logentry", "pk": 166, "fields": {"action_time": "2021-04-19T16:27:58.169Z", "user": 1, "content_type": 13, "object_id": "10", "object_repr": "physical", "action_flag": 2, "change_message": "[{\"changed\": {\"fields\": [\"Category name\"]}}]"}}, {"model": "admin.logentry", "pk": 167, "fields": {"action_time": "2021-04-19T16:28:59.098Z", "user": 1, "content_type": 8, "object_id": "29", "object_repr": "Plexus EP", "action_flag": 2, "change_message": "[{\"changed\": {\"fields\": [\"Category\"]}}]"}}, {"model": "admin.logentry", "pk": 168, "fields": {"action_time": "2021-04-19T16:29:09.436Z", "user": 1, "content_type": 8, "object_id": "28", "object_repr": "Near the five roses", "action_flag": 2, "change_message": "[{\"changed\": {\"fields\": [\"Category\"]}}]"}}, {"model": "admin.logentry", "pk": 169, "fields": {"action_time": "2021-04-19T16:29:20.878Z", "user": 1, "content_type": 8, "object_id": "26", "object_repr": "Travel Paintings", "action_flag": 2, "change_message": "[{\"changed\": {\"fields\": [\"Category\"]}}]"}}, {"model": "admin.logentry", "pk": 170, "fields": {"action_time": "2021-04-19T16:29:29.807Z", "user": 1, "content_type": 8, "object_id": "20", "object_repr": "Librairie le Désordre", "action_flag": 2, "change_message": "[{\"changed\": {\"fields\": [\"Category\"]}}]"}}, {"model": "admin.logentry", "pk": 171, "fields": {"action_time": "2021-04-19T16:29:37.243Z", "user": 1, "content_type": 8, "object_id": "18", "object_repr": "Foggy", "action_flag": 2, "change_message": "[{\"changed\": {\"fields\": [\"Category\"]}}]"}}, {"model": "admin.logentry", "pk": 172, "fields": {"action_time": "2021-04-19T16:29:45.365Z", "user": 1, "content_type": 8, "object_id": "17", "object_repr": "Bétonautes", "action_flag": 2, "change_message": "[{\"changed\": {\"fields\": [\"Category\"]}}]"}}, {"model": "admin.logentry", "pk": 173, "fields": {"action_time": "2021-04-19T16:30:02.668Z", "user": 1, "content_type": 8, "object_id": "14", "object_repr": "Bic", "action_flag": 2, "change_message": "[{\"changed\": {\"fields\": [\"Category\"]}}]"}}, {"model": "admin.logentry", "pk": 174, "fields": {"action_time": "2021-04-19T16:30:14.667Z", "user": 1, "content_type": 8, "object_id": "7", "object_repr": "Course des morts MMXVIII", "action_flag": 2, "change_message": "[{\"changed\": {\"fields\": [\"Category\"]}}]"}}, {"model": "admin.logentry", "pk": 175, "fields": {"action_time": "2021-04-19T16:30:34.025Z", "user": 1, "content_type": 8, "object_id": "2", "object_repr": "Neon", "action_flag": 2, "change_message": "[{\"changed\": {\"fields\": [\"Category\"]}}]"}}, {"model": "admin.logentry", "pk": 176, "fields": {"action_time": "2021-04-19T16:31:24.358Z", "user": 1, "content_type": 8, "object_id": "14", "object_repr": "Bic", "action_flag": 2, "change_message": "[{\"changed\": {\"fields\": [\"Category\"]}}]"}}, {"model": "admin.logentry", "pk": 177, "fields": {"action_time": "2021-04-19T16:31:32.937Z", "user": 1, "content_type": 8, "object_id": "13", "object_repr": "coming thru!", "action_flag": 2, "change_message": "[{\"changed\": {\"fields\": [\"Category\"]}}]"}}, {"model": "admin.logentry", "pk": 178, "fields": {"action_time": "2021-04-20T00:17:24.229Z", "user": 1, "content_type": 8, "object_id": "32", "object_repr": "old roll", "action_flag": 1, "change_message": "[{\"added\": {}}, {\"added\": {\"name\": \"blog image\", \"object\": \"img/b/coquette.jpg\"}}, {\"added\": {\"name\": \"blog image\", \"object\": \"img/b/fleurs.jpg\"}}, {\"added\": {\"name\": \"blog image\", \"object\": \"img/b/trottier.jpg\"}}]"}}, {"model": "admin.logentry", "pk": 179, "fields": {"action_time": "2021-04-20T00:18:21.887Z", "user": 1, "content_type": 8, "object_id": "32", "object_repr": "old roll", "action_flag": 2, "change_message": "[{\"changed\": {\"fields\": [\"Talkshit\"]}}]"}}, {"model": "auth.user", "pk": 1, "fields": {"password": "pbkdf2_sha256$216000$5Kxk2p8YRrzW$gtfmn/DxXyBUAbbo71BqSTGKp+b9BNW3WSx/vuwPTUg=", "last_login": "2021-04-20T18:03:23.583Z", "is_superuser": true, "username": "seb", "first_name": "", "last_name": "", "email": "S3fb@live.com", "is_staff": true, "is_active": true, "date_joined": "2020-12-14T16:03:42.522Z", "groups": [], "user_permissions": []}}, {"model": "sessions.session", "pk": "55tttmz7upgmm60c03t1ufofw1f49fgk", "fields": {"session_data": ".eJxVjEEOwiAQRe_C2hBwEMSl-56BDDODVA1NSrsy3l2bdKHb_977L5VwXWpau8xpZHVRVh1-t4z0kLYBvmO7TZqmtsxj1puid9r1MLE8r7v7d1Cx128NkD2dogM26FwWRAp8ZhuOEQwheAMlGPFCnqjYEJksmYKQEWx0Qb0_7lg4TA:1lDX61:ptN5SWX5ukr4vwL9BI3QJ4C0-V05Ozf7uc8HMxsfjPw", "expire_date": "2021-03-06T18:35:13.937Z"}}, {"model": "sessions.session", "pk": "63za97bf6wwj33rtaiphlho8q64tm394", "fields": {"session_data": ".eJxVjEEOwiAQRe_C2hBwEMSl-56BDDODVA1NSrsy3l2bdKHb_977L5VwXWpau8xpZHVRVh1-t4z0kLYBvmO7TZqmtsxj1puid9r1MLE8r7v7d1Cx128NkD2dogM26FwWRAp8ZhuOEQwheAMlGPFCnqjYEJksmYKQEWx0Qb0_7lg4TA:1kt3Kk:40KP3-4D9UPLlLzd737DroDDE4QqG3IkcxEunRFgYwc", "expire_date": "2021-01-09T06:45:46.219Z"}}, {"model": "sessions.session", "pk": "9ul0cjgktgx8xdxuazenmd1digmyvjl1", "fields": {"session_data": ".eJxVjEEOwiAQRe_C2hBwEMSl-56BDDODVA1NSrsy3l2bdKHb_977L5VwXWpau8xpZHVRVh1-t4z0kLYBvmO7TZqmtsxj1puid9r1MLE8r7v7d1Cx128NkD2dogM26FwWRAp8ZhuOEQwheAMlGPFCnqjYEJksmYKQEWx0Qb0_7lg4TA:1l9xAA:s4NJuoMX-EDmFFLD2SzfbKfo-H1h5ux2hfy2xhxc3UA", "expire_date": "2021-02-24T21:36:42.190Z"}}, {"model": "sessions.session", "pk": "crsyr07wx2dexfukteinnie2rnnkfuyi", "fields": {"session_data": ".eJxVjEEOwiAQRe_C2hBwEMSl-56BDDODVA1NSrsy3l2bdKHb_977L5VwXWpau8xpZHVRVh1-t4z0kLYBvmO7TZqmtsxj1puid9r1MLE8r7v7d1Cx128NkD2dogM26FwWRAp8ZhuOEQwheAMlGPFCnqjYEJksmYKQEWx0Qb0_7lg4TA:1lY95q:ItuBOgy77aNrbb1Hb38E1w20YUrXVxiwOt-KjMKPh_0", "expire_date": "2021-05-02T15:12:14.192Z"}}, {"model": "sessions.session", "pk": "ia7d0fbtljl6c4nj7pdez77j51jfoirm", "fields": {"session_data": ".eJxVjEEOwiAQRe_C2hBwEMSl-56BDDODVA1NSrsy3l2bdKHb_977L5VwXWpau8xpZHVRVh1-t4z0kLYBvmO7TZqmtsxj1puid9r1MLE8r7v7d1Cx128NkD2dogM26FwWRAp8ZhuOEQwheAMlGPFCnqjYEJksmYKQEWx0Qb0_7lg4TA:1lYuiZ:NI5zbYa6st6sk5W1sUbHHklT-xzCWNmojWASRXdsDQQ", "expire_date": "2021-05-04T18:03:23.607Z"}}, {"model": "sessions.session", "pk": "lw3tx6c1jikbvplwormciirq9uec4ao6", "fields": {"session_data": ".eJxVjEEOwiAQRe_C2hBwEMSl-56BDDODVA1NSrsy3l2bdKHb_977L5VwXWpau8xpZHVRVh1-t4z0kLYBvmO7TZqmtsxj1puid9r1MLE8r7v7d1Cx128NkD2dogM26FwWRAp8ZhuOEQwheAMlGPFCnqjYEJksmYKQEWx0Qb0_7lg4TA:1lIc88:-hy54Mlh6Oz7OCaFSV_cvbLhQbtnaI8Bb7d0fXBNz9c", "expire_date": "2021-03-20T18:58:24.594Z"}}, {"model": "sessions.session", "pk": "p2dpcow6494t6xj7jzh7iv2uyk0plrfo", "fields": {"session_data": ".eJxVjEEOwiAQRe_C2hBwEMSl-56BDDODVA1NSrsy3l2bdKHb_977L5VwXWpau8xpZHVRVh1-t4z0kLYBvmO7TZqmtsxj1puid9r1MLE8r7v7d1Cx128NkD2dogM26FwWRAp8ZhuOEQwheAMlGPFCnqjYEJksmYKQEWx0Qb0_7lg4TA:1kyJ1r:FOzR9iyY7QB2BxdzUr6s7JGgdCnkXtp7W1Ukxz9qVDU", "expire_date": "2021-01-23T18:31:59.288Z"}}, {"model": "sessions.session", "pk": "vgc7b0c6idd0k9wlro2hkml4xg0fsasd", "fields": {"session_data": ".eJxVjEEOwiAQRe_C2hBwEMSl-56BDDODVA1NSrsy3l2bdKHb_977L5VwXWpau8xpZHVRVh1-t4z0kLYBvmO7TZqmtsxj1puid9r1MLE8r7v7d1Cx128NkD2dogM26FwWRAp8ZhuOEQwheAMlGPFCnqjYEJksmYKQEWx0Qb0_7lg4TA:1koqKE:KvS22RHjA5WLuMoTpGnkB_0bBd_KrMX6JeJj_kwaqfY", "expire_date": "2020-12-28T16:03:50.905Z"}}, {"model": "sessions.session", "pk": "vncjut3nsb0drqlmu2j31eqniykamy9f", "fields": {"session_data": ".eJxVjEEOwiAQRe_C2hBwEMSl-56BDDODVA1NSrsy3l2bdKHb_977L5VwXWpau8xpZHVRVh1-t4z0kLYBvmO7TZqmtsxj1puid9r1MLE8r7v7d1Cx128NkD2dogM26FwWRAp8ZhuOEQwheAMlGPFCnqjYEJksmYKQEWx0Qb0_7lg4TA:1ktzim:mH-aCKwpZCWre8niE990pZi2s6zAGCWQqJAqRTF8C0s", "expire_date": "2021-01-11T21:06:28.851Z"}}, {"model": "zblog.blogimage", "pk": 2, "fields": {"b_img": "img/b/neon.png", "postimg": 2}}, {"model": "zblog.blogimage", "pk": 3, "fields": {"b_img": "img/b/ampoule.jpg", "postimg": 2}}, {"model": "zblog.blogimage", "pk": 4, "fields": {"b_img": "img/b/placedesfleursdemacadamcrop.jpg", "postimg": 2}}, {"model": "zblog.blogimage", "pk": 7, "fields": {"b_img": "img/b/collageng.jpg", "postimg": 4}}, {"model": "zblog.blogimage", "pk": 8, "fields": {"b_img": "img/b/western.jpg", "postimg": 5}}, {"model": "zblog.blogimage", "pk": 9, "fields": {"b_img": "img/b/bigdaddy.png", "postimg": 6}}, {"model": "zblog.blogimage", "pk": 10, "fields": {"b_img": "img/b/CDM_artstation.png", "postimg": 7}}, {"model": "zblog.blogimage", "pk": 11, "fields": {"b_img": "img/b/tshirtcdm.jpg", "postimg": 7}}, {"model": "zblog.blogimage", "pk": 14, "fields": {"b_img": "img/b/22.jpg", "postimg": 9}}, {"model": "zblog.blogimage", "pk": 15, "fields": {"b_img": "img/b/23.jpg", "postimg": 9}}, {"model": "zblog.blogimage", "pk": 16, "fields": {"b_img": "img/b/25.jpg", "postimg": 9}}, {"model": "zblog.blogimage", "pk": 17, "fields": {"b_img": "img/b/27.jpg", "postimg": 9}}, {"model": "zblog.blogimage", "pk": 18, "fields": {"b_img": "img/b/29.jpg", "postimg": 9}}, {"model": "zblog.blogimage", "pk": 19, "fields": {"b_img": "img/b/35-3.jpg", "postimg": 9}}, {"model": "zblog.blogimage", "pk": 20, "fields": {"b_img": "img/b/38.jpg", "postimg": 9}}, {"model": "zblog.blogimage", "pk": 21, "fields": {"b_img": "img/b/39.jpg", "postimg": 9}}, {"model": "zblog.blogimage", "pk": 22, "fields": {"b_img": "img/b/40.jpg", "postimg": 9}}, {"model": "zblog.blogimage", "pk": 27, "fields": {"b_img": "img/b/bikemessfoodora_01TP57O.jpg", "postimg": 3}}, {"model": "zblog.blogimage", "pk": 28, "fields": {"b_img": "img/b/foodora3drender.jpg", "postimg": 3}}, {"model": "zblog.blogimage", "pk": 29, "fields": {"b_img": "img/b/TP2v4.jpg", "postimg": 8}}, {"model": "zblog.blogimage", "pk": 30, "fields": {"b_img": "img/b/vaudreuil.jpg", "postimg": 10}}, {"model": "zblog.blogimage", "pk": 31, "fields": {"b_img": "img/b/jonquiere.jpg", "postimg": 10}}, {"model": "zblog.blogimage", "pk": 32, "fields": {"b_img": "img/b/8_Osiris1.jpg", "postimg": 11}}, {"model": "zblog.blogimage", "pk": 33, "fields": {"b_img": "img/b/8_Osiris2.jpg", "postimg": 11}}, {"model": "zblog.blogimage", "pk": 34, "fields": {"b_img": "img/b/RA.jpg", "postimg": 11}}, {"model": "zblog.blogimage", "pk": 35, "fields": {"b_img": "img/b/Mines_04.jpg", "postimg": 11}}, {"model": "zblog.blogimage", "pk": 36, "fields": {"b_img": "img/b/Loading_1_v2.jpg", "postimg": 11}}, {"model": "zblog.blogimage", "pk": 37, "fields": {"b_img": "img/b/Gondole.jpg", "postimg": 11}}, {"model": "zblog.blogimage", "pk": 38, "fields": {"b_img": "img/b/Cratescrop.jpg", "postimg": 11}}, {"model": "zblog.blogimage", "pk": 39, "fields": {"b_img": "img/b/street3.jpg", "postimg": 12}}, {"model": "zblog.blogimage", "pk": 40, "fields": {"b_img": "img/b/Kowloon.jpg", "postimg": 9}}, {"model": "zblog.blogimage", "pk": 41, "fields": {"b_img": "img/b/COMINGTHRU.jpg", "postimg": 13}}, {"model": "zblog.blogimage", "pk": 42, "fields": {"b_img": "img/b/stylized4.jpg", "postimg": 14}}, {"model": "zblog.blogimage", "pk": 43, "fields": {"b_img": "img/b/mangacam.jpg", "postimg": 15}}, {"model": "zblog.blogimage", "pk": 44, "fields": {"b_img": "img/b/overpass.jpg", "postimg": 17}}, {"model": "zblog.blogimage", "pk": 45, "fields": {"b_img": "img/b/1.jpg", "postimg": 18}}, {"model": "zblog.blogimage", "pk": 46, "fields": {"b_img": "img/b/seb2019.jpg", "postimg": 19}}, {"model": "zblog.blogimage", "pk": 47, "fields": {"b_img": "img/b/chambre2021.jpg", "postimg": 21}}, {"model": "zblog.blogimage", "pk": 49, "fields": {"b_img": "img/b/studydesktop.png", "postimg": 23}}, {"model": "zblog.blogimage", "pk": 50, "fields": {"b_img": "img/b/SheepFour.jpg", "postimg": 24}}, {"model": "zblog.blogimage", "pk": 51, "fields": {"b_img": "img/b/SheepSeven.jpg", "postimg": 24}}, {"model": "zblog.blogimage", "pk": 52, "fields": {"b_img": "img/b/SheepTechnoOne.jpg", "postimg": 24}}, {"model": "zblog.blogimage", "pk": 53, "fields": {"b_img": "img/b/SheepThree.jpg", "postimg": 24}}, {"model": "zblog.blogimage", "pk": 54, "fields": {"b_img": "img/b/SheepTwo.jpg", "postimg": 24}}, {"model": "zblog.blogimage", "pk": 55, "fields": {"b_img": "img/b/neigelourde.png", "postimg": 25}}, {"model": "zblog.blogimage", "pk": 56, "fields": {"b_img": "", "postimg": 26}}, {"model": "zblog.blogimage", "pk": 57, "fields": {"b_img": "img/b/watercolor20202.jpg", "postimg": 26}}, {"model": "zblog.blogimage", "pk": 58, "fields": {"b_img": "img/b/watercolor20203.jpg", "postimg": 26}}, {"model": "zblog.blogimage", "pk": 59, "fields": {"b_img": "img/b/watercolor20204.jpg", "postimg": 26}}, {"model": "zblog.blogimage", "pk": 60, "fields": {"b_img": "img/b/watercolor20205.jpg", "postimg": 26}}, {"model": "zblog.blogimage", "pk": 61, "fields": {"b_img": "img/b/neon_it.png", "postimg": 2}}, {"model": "zblog.blogimage", "pk": 62, "fields": {"b_img": "img/b/doggodigger2.jpg", "postimg": 27}}, {"model": "zblog.blogimage", "pk": 63, "fields": {"b_img": "img/b/laurent2resize.jpg", "postimg": 28}}, {"model": "zblog.blogimage", "pk": 64, "fields": {"b_img": "img/b/laurent3resize.jpg", "postimg": 28}}, {"model": "zblog.blogimage", "pk": 65, "fields": {"b_img": "img/b/plafondnoir1resize.jpg", "postimg": 28}}, {"model": "zblog.blogimage", "pk": 66, "fields": {"b_img": "img/b/cover1plexus.jpg", "postimg": 29}}, {"model": "zblog.blogimage", "pk": 67, "fields": {"b_img": "img/b/cover2circuit.jpg", "postimg": 29}}, {"model": "zblog.blogimage", "pk": 68, "fields": {"b_img": "img/b/cover3traffic.jpg", "postimg": 29}}, {"model": "zblog.blogimage", "pk": 69, "fields": {"b_img": "img/b/matt.jpg", "postimg": 30}}, {"model": "zblog.blogimage", "pk": 70, "fields": {"b_img": "img/b/collagemaghreb.jpg", "postimg": 31}}, {"model": "zblog.blogimage", "pk": 71, "fields": {"b_img": "img/b/coquette.jpg", "postimg": 32}}, {"model": "zblog.blogimage", "pk": 72, "fields": {"b_img": "img/b/fleurs.jpg", "postimg": 32}}, {"model": "zblog.blogimage", "pk": 73, "fields": {"b_img": "img/b/trottier.jpg", "postimg": 32}}, {"model": "zblog.panoimage", "pk": 1, "fields": {"p_img": "img/p/libdessharp.jpg", "postpanoimg": 20, "order": 0}}, {"model": "zblog.freeimage", "pk": 5, "fields": {"f_img": "img/f/bicphoto.jpg", "f_img_alt": null, "posi_X": 580, "posi_Y": 1050, "post": 14}}, {"model": "zblog.post", "pk": 2, "fields": {"post_date": "2020-03-18", "slug": "neon", "talkshit": "![neon-y landscape](..neon.png)\r\nI was inspired to paint this piece by a light installation in the park next to my job. In winter, the light it radiates gives a warm glow to the park underneath. \r\n![neon study](..ampoule.jpg)\r\n######A value study for the painting\r\n\r\n![iterations](..neon_it.png)\r\n######Iterations of neon shapes\r\n\r\n![place des fleurs de macadam](..placedesfleursdemacadamcrop.jpg)\r\n######installation in place des fleurs de macadam (author unknown)", "talkshit_md": "<p><img alt=\"neon-y landscape\" src=\"/media/img/b/neon.png\" />\nI was inspired to paint this piece by a light installation in the park next to my job. In winter, the light it radiates gives a warm glow to the park underneath. \n<img alt=\"neon study\" src=\"/media/img/b/ampoule.jpg\" /></p>\n<h6>A value study for the painting</h6>\n<p><img alt=\"iterations\" src=\"/media/img/b/neon_it.png\" /></p>\n<h6>Iterations of neon shapes</h6>\n<p><img alt=\"place des fleurs de macadam\" src=\"/media/img/b/placedesfleursdemacadamcrop.jpg\" /></p>\n<h6>installation in place des fleurs de macadam (author unknown)</h6>", "title": "Neon", "title_tag": "Neon", "category": 9}}, {"model": "zblog.post", "pk": 3, "fields": {"post_date": "2018-03-13", "slug": "foodie", "talkshit": "![urban bike mess](..bikemessfoodora.jpg)\r\nUn de mes premiers essais à utiliser une base 3D pour une illu.\r\n![render 3d interessant](..foodora3drender.jpg)", "talkshit_md": "<p><img alt=\"urban bike mess\" src=\"/media/img/b/bikemessfoodora.jpg\" />\nUn de mes premiers essais à utiliser une base 3D pour une illu.\n<img alt=\"render 3d interessant\" src=\"/media/img/b/foodora3drender.jpg\" /></p>", "title": "Foodie", "title_tag": "Foodie", "category": null}}, {"model": "zblog.post", "pk": 4, "fields": {"post_date": "2013-10-09", "slug": "collage-national-geographic", "talkshit": "![yellow frame collage](..collageng.jpg)", "talkshit_md": "<p><img alt=\"yellow frame collage\" src=\"/media/img/b/collageng.jpg\" /></p>", "title": "Collage National Geographic", "title_tag": "Collage National Geographic", "category": null}}, {"model": "zblog.post", "pk": 5, "fields": {"post_date": "2013-06-18", "slug": "western", "talkshit": "![canyon](..western.jpg)", "talkshit_md": "<p><img alt=\"canyon\" src=\"/media/img/b/western.jpg\" /></p>", "title": "Western", "title_tag": "Western", "category": null}}, {"model": "zblog.post", "pk": 6, "fields": {"post_date": "2011-04-11", "slug": "big-daddy", "talkshit": "![bioshock fanart](..bigdaddy.png)", "talkshit_md": "<p><img alt=\"bioshock fanart\" src=\"/media/img/b/bigdaddy.png\" /></p>", "title": "Big Daddy", "title_tag": "Big Daddy", "category": null}}, {"model": "zblog.post", "pk": 7, "fields": {"post_date": "2018-08-31", "slug": "course-des-morts-mmxviii", "talkshit": "![illustration spookey](..CDM_artstation.png)\r\n![tshirt](..tshirtcdm.jpg)", "talkshit_md": "<p><img alt=\"illustration spookey\" src=\"/media/img/b/CDM_artstation.png\" />\n<img alt=\"tshirt\" src=\"/media/img/b/tshirtcdm.jpg\" /></p>", "title": "Course des morts MMXVIII", "title_tag": "Course des morts MMXVIII", "category": 10}}, {"model": "zblog.post", "pk": 8, "fields": {"post_date": "2018-03-19", "slug": "matte-painting-avec-benoit-pelchat", "talkshit": "Fait dans un cours au NAD en hiver 2018\r\n![space cool](..TP2v4.jpg)", "talkshit_md": "<p>Fait dans un cours au NAD en hiver 2018\n<img alt=\"space cool\" src=\"/media/img/b/TP2v4.jpg\" /></p>", "title": "Matte Painting avec Benoit Pelchat", "title_tag": "Matte Painting avec Benoit Pelchat", "category": null}}, {"model": "zblog.post", "pk": 9, "fields": {"post_date": "2018-12-30", "slug": "studies-de-2018", "talkshit": "J'aime bien recopier des images. C'est efficace pour plusieures choses: me réchauffer avant de me mettre sur de gros projets; bâtir ma banque d'images mentale;  tester de nouvelles pratiques et m'améliorer à peindre rapidement. \r\n<br>\r\n<br>\r\nVoici une petite sélection des images de ce type que j'ai fait en 2018. Elles sont toutes basées sur des photos du web ou que j'ai prises.\r\n![study](..22.jpg)\r\n![study](..23.jpg)\r\n![study](..25.jpg)\r\n![study](..27.jpg)\r\n![study](..29.jpg)\r\n![study](..35-3.jpg)\r\n![study](..38.jpg)\r\n![study](..39.jpg)\r\n![study](..40.jpg)\r\n![study](..Kowloon.jpg)", "talkshit_md": "<p>J'aime bien recopier des images. C'est efficace pour plusieures choses: me réchauffer avant de me mettre sur de gros projets; bâtir ma banque d'images mentale;  tester de nouvelles pratiques et m'améliorer à peindre rapidement. \n<br>\n<br>\nVoici une petite sélection des images de ce type que j'ai fait en 2018. Elles sont toutes basées sur des photos du web ou que j'ai prises.\n<img alt=\"study\" src=\"/media/img/b/22.jpg\" />\n<img alt=\"study\" src=\"/media/img/b/23.jpg\" />\n<img alt=\"study\" src=\"/media/img/b/25.jpg\" />\n<img alt=\"study\" src=\"/media/img/b/27.jpg\" />\n<img alt=\"study\" src=\"/media/img/b/29.jpg\" />\n<img alt=\"study\" src=\"/media/img/b/35-3.jpg\" />\n<img alt=\"study\" src=\"/media/img/b/38.jpg\" />\n<img alt=\"study\" src=\"/media/img/b/39.jpg\" />\n<img alt=\"study\" src=\"/media/img/b/40.jpg\" />\n<img alt=\"study\" src=\"/media/img/b/Kowloon.jpg\" /></p>", "title": "Studies de 2018", "title_tag": "Studies de 2018", "category": null}}, {"model": "zblog.post", "pk": 10, "fields": {"post_date": "2018-12-25", "slug": "cartes-de-noel", "talkshit": "![begin-levesque](..jonquiere.jpg)\r\n![poirier-begin](..vaudreuil.jpg)", "talkshit_md": "<p><img alt=\"begin-levesque\" src=\"/media/img/b/jonquiere.jpg\" />\n<img alt=\"poirier-begin\" src=\"/media/img/b/vaudreuil.jpg\" /></p>", "title": "Cartes de Noël", "title_tag": "Cartes de Noël", "category": null}}, {"model": "zblog.post", "pk": 11, "fields": {"post_date": "2018-12-06", "slug": "quantitative-discontinuity", "talkshit": "![](..Loading_1_v2.jpg)\r\nBig ass school project. learned a lot but.\r\n\r\n![](..8_Osiris1.jpg)\r\n![](..8_Osiris2.jpg)\r\n![](..RA.jpg)\r\n![](..Cratescrop.jpg)\r\n![](..Gondole.jpg)\r\n![](..Mines_04.jpg)", "talkshit_md": "<p><img alt=\"\" src=\"/media/img/b/Loading_1_v2.jpg\" />\nBig ass school project. learned a lot but.</p>\n<p><img alt=\"\" src=\"/media/img/b/8_Osiris1.jpg\" />\n<img alt=\"\" src=\"/media/img/b/8_Osiris2.jpg\" />\n<img alt=\"\" src=\"/media/img/b/RA.jpg\" />\n<img alt=\"\" src=\"/media/img/b/Cratescrop.jpg\" />\n<img alt=\"\" src=\"/media/img/b/Gondole.jpg\" />\n<img alt=\"\" src=\"/media/img/b/Mines_04.jpg\" /></p>", "title": "Quantitative Discontinuity", "title_tag": "Quantitative Discontinuity", "category": null}}, {"model": "zblog.post", "pk": 12, "fields": {"post_date": "2018-05-21", "slug": "griffintown", "talkshit": "![](..street3.jpg)\r\n######among my first digital photo studies ever.", "talkshit_md": "<p><img alt=\"\" src=\"/media/img/b/street3.jpg\" /></p>\n<h6>among my first digital photo studies ever.</h6>", "title": "Griffintown", "title_tag": "Griffintown", "category": null}}, {"model": "zblog.post", "pk": 13, "fields": {"post_date": "2019-11-20", "slug": "coming-thru", "talkshit": "![badass biker](..COMINGTHRU.jpg)\r\n</br>\r\nAn image I made! [email me](mailto:contact@sebsepia.org) if you wanna buy a print of it.", "talkshit_md": "<p><img alt=\"badass biker\" src=\"/media/img/b/COMINGTHRU.jpg\" />\n</br>\nAn image I made! <a href=\"mailto:contact@sebsepia.org\">email me</a> if you wanna buy a print of it.</p>", "title": "coming thru!", "title_tag": "coming thru!", "category": 9}}, {"model": "zblog.post", "pk": 14, "fields": {"post_date": "2020-05-27", "slug": "bic", "talkshit": "![beautiful landscape](..stylized4.jpg)\r\n######Quelque part dans le parc du Bic\r\n<div class=\"repit\">", "talkshit_md": "<p><img alt=\"beautiful landscape\" src=\"/media/img/b/stylized4.jpg\" /></p>\n<h6>Quelque part dans le parc du Bic</h6>\n<div class=\"repit\">", "title": "Bic", "title_tag": "Bic", "category": 9}}, {"model": "zblog.post", "pk": 15, "fields": {"post_date": "2020-08-24", "slug": "manga-cam", "talkshit": "![925](..mangacam.jpg\"925\")\r\n######drawing of a friend looking badass on a cargo bike!", "talkshit_md": "<p><img alt=\"925\" src=\"/media/img/b/mangacam.jpg\" title=\"925\" /></p>\n<h6>drawing of a friend looking badass on a cargo bike!</h6>", "title": "manga cam", "title_tag": "manga cam", "category": null}}, {"model": "zblog.post", "pk": 17, "fields": {"post_date": "2019-05-30", "slug": "betonautes", "talkshit": "![winter jammock](..overpass.jpg)", "talkshit_md": "<p><img alt=\"winter jammock\" src=\"/media/img/b/overpass.jpg\" /></p>", "title": "Bétonautes", "title_tag": "Bétonautes", "category": 9}}, {"model": "zblog.post", "pk": 18, "fields": {"post_date": "2012-03-07", "slug": "foggy", "talkshit": "![photo post job](..1.jpg)", "talkshit_md": "<p><img alt=\"photo post job\" src=\"/media/img/b/1.jpg\" /></p>", "title": "Foggy", "title_tag": "Foggy", "category": 5}}, {"model": "zblog.post", "pk": 19, "fields": {"post_date": "2019-12-31", "slug": "selfie", "talkshit": "![autoportrait digital](..seb2019.jpg)", "talkshit_md": "<p><img alt=\"autoportrait digital\" src=\"/media/img/b/seb2019.jpg\" /></p>", "title": "Selfie", "title_tag": "Selfie", "category": null}}, {"model": "zblog.post", "pk": 20, "fields": {"post_date": "2019-01-17", "slug": "librairie-le-desordre", "talkshit": "<panorama>", "talkshit_md": "<div class='pano-image'></div>", "title": "Librairie le Désordre", "title_tag": "Librairie le Désordre", "category": 9}}, {"model": "zblog.post", "pk": 21, "fields": {"post_date": "2021-01-20", "slug": "chambre-2021", "talkshit": "![moi dans tout mon moi](..chambre2021.jpg 'moi dans tout mon moi')", "talkshit_md": "<p><img alt=\"moi dans tout mon moi\" src=\"/media/img/b/chambre2021.jpg\" title=\"moi dans tout mon moi\" /></p>", "title": "Chambre 2021", "title_tag": "Chambre 2021", "category": null}}, {"model": "zblog.post", "pk": 22, "fields": {"post_date": "2020-06-17", "slug": "loop", "talkshit": "![girl in the loop](..yunstudy2.jpg)", "talkshit_md": "<p><img alt=\"girl in the loop\" src=\"/media/img/b/yunstudy2.jpg\" /></p>", "title": "LÖÖP", "title_tag": "LÖÖP", "category": null}}, {"model": "zblog.post", "pk": 23, "fields": {"post_date": "2021-02-20", "slug": "bureau-2021", "talkshit": "![chambre](..studydesktop.png \"pour vrai cest pas pire le bordel\")", "talkshit_md": "<p><img alt=\"chambre\" src=\"/media/img/b/studydesktop.png\" title=\"pour vrai cest pas pire le bordel\" /></p>", "title": "Bureau 2021", "title_tag": "Bureau 2021", "category": null}}, {"model": "zblog.post", "pk": 24, "fields": {"post_date": "2020-11-20", "slug": "sheeps", "talkshit": "![4](..SheepFour.jpg)\r\n![7](..SheepSeven.jpg)\r\n![3](..SheepThree.jpg)\r\n![rob](..SheepTechnoOne.jpg)\r\n![2](..SheepTwo.jpg)", "talkshit_md": "<p><img alt=\"4\" src=\"/media/img/b/SheepFour.jpg\" />\n<img alt=\"7\" src=\"/media/img/b/SheepSeven.jpg\" />\n<img alt=\"3\" src=\"/media/img/b/SheepThree.jpg\" />\n<img alt=\"rob\" src=\"/media/img/b/SheepTechnoOne.jpg\" />\n<img alt=\"2\" src=\"/media/img/b/SheepTwo.jpg\" /></p>", "title": "Sheeps!", "title_tag": "Sheeps!", "category": null}}, {"model": "zblog.post", "pk": 25, "fields": {"post_date": "2021-02-14", "slug": "heavy-snow", "talkshit": "![the tree sank](..neigelourde.png)", "talkshit_md": "<p><img alt=\"the tree sank\" src=\"/media/img/b/neigelourde.png\" /></p>", "title": "Heavy Snow", "title_tag": "Heavy Snow", "category": null}}, {"model": "zblog.post", "pk": 26, "fields": {"post_date": "2020-08-20", "slug": "travel-paintings", "talkshit": "I've come to associate travel with watercolors. Whenever I paint them, I feel like I'm travelling. These have mostly been done in a roadtrip to the end of the 138.\r\n\r\n![](..watercolor20201.jpg)\r\n######Val-David\r\n![](..watercolor20202.jpg)\r\n######Imagination (Natashquan)\r\n![](..watercolor20203.jpg)\r\n######Havre-Saint-Pierre\r\n![](..watercolor20205.jpg)\r\n######ruelle verte, Montréal\r\n![](..watercolor20204.jpg)\r\n######Saint-Paul-d'Abbotsford", "talkshit_md": "<p>I've come to associate travel with watercolors. Whenever I paint them, I feel like I'm travelling. These have mostly been done in a roadtrip to the end of the 138.</p>\n<p><img alt=\"\" src=\"/media/img/b/watercolor20201.jpg\" /></p>\n<h6>Val-David</h6>\n<p><img alt=\"\" src=\"/media/img/b/watercolor20202.jpg\" /></p>\n<h6>Imagination (Natashquan)</h6>\n<p><img alt=\"\" src=\"/media/img/b/watercolor20203.jpg\" /></p>\n<h6>Havre-Saint-Pierre</h6>\n<p><img alt=\"\" src=\"/media/img/b/watercolor20205.jpg\" /></p>\n<h6>ruelle verte, Montréal</h6>\n<p><img alt=\"\" src=\"/media/img/b/watercolor20204.jpg\" /></p>\n<h6>Saint-Paul-d'Abbotsford</h6>", "title": "Travel Paintings", "title_tag": "Travel Paintings", "category": 10}}, {"model": "zblog.post", "pk": 27, "fields": {"post_date": "2020-07-10", "slug": "doggo-digger", "talkshit": "![](..doggodigger2.jpg)", "talkshit_md": "<p><img alt=\"\" src=\"/media/img/b/doggodigger2.jpg\" /></p>", "title": "Doggo Digger", "title_tag": "Doggo Digger", "category": null}}, {"model": "zblog.post", "pk": 28, "fields": {"post_date": "2020-12-08", "slug": "near-the-five-roses", "talkshit": "![photo ](..laurent2resize.jpg)\r\n![photo ](..laurent3resize.jpg)\r\n![photo ](..plafondnoir1resize.jpg)", "talkshit_md": "<p><img alt=\"photo \" src=\"/media/img/b/laurent2resize.jpg\" />\n<img alt=\"photo \" src=\"/media/img/b/laurent3resize.jpg\" />\n<img alt=\"photo \" src=\"/media/img/b/plafondnoir1resize.jpg\" /></p>", "title": "Near the five roses", "title_tag": "Near the five roses", "category": 5}}, {"model": "zblog.post", "pk": 29, "fields": {"post_date": "2021-03-13", "slug": "plexus-ep", "talkshit": "I am happy to present the covers I did for the album [Plexus](https://parkaone.bandcamp.com/album/plexus) by [ParkaOne](https://www.instagram.com/parkaone/) and [EchoBoy](https://www.instagram.com/echoboy_2006/). \r\n![album cover](..cover1plexus.jpg)\r\n######album cover\r\n![single cover](..cover2circuit.jpg)\r\n######single cover\r\n![single cover](..cover3traffic.jpg)\r\n######single cover", "talkshit_md": "<p>I am happy to present the covers I did for the album <a href=\"https://parkaone.bandcamp.com/album/plexus\">Plexus</a> by <a href=\"https://www.instagram.com/parkaone/\">ParkaOne</a> and <a href=\"https://www.instagram.com/echoboy_2006/\">EchoBoy</a>. \n<img alt=\"album cover\" src=\"/media/img/b/cover1plexus.jpg\" /></p>\n<h6>album cover</h6>\n<p><img alt=\"single cover\" src=\"/media/img/b/cover2circuit.jpg\" /></p>\n<h6>single cover</h6>\n<p><img alt=\"single cover\" src=\"/media/img/b/cover3traffic.jpg\" /></p>\n<h6>single cover</h6>", "title": "Plexus EP", "title_tag": "Plexus EP", "category": 9}}, {"model": "zblog.post", "pk": 30, "fields": {"post_date": "2021-03-14", "slug": "matt", "talkshit": "![rainbow](..matt.jpg)\r\nquick portrait of [Matt](https://www.artstation.com/rorschach)", "talkshit_md": "<p><img alt=\"rainbow\" src=\"/media/img/b/matt.jpg\" />\nquick portrait of <a href=\"https://www.artstation.com/rorschach\">Matt</a></p>", "title": "Matt", "title_tag": "Matt", "category": null}}, {"model": "zblog.post", "pk": 31, "fields": {"post_date": "2021-02-22", "slug": "rectangle-universe", "talkshit": "![first collage in a while](..collagemaghreb.jpg)", "talkshit_md": "<p><img alt=\"first collage in a while\" src=\"/media/img/b/collagemaghreb.jpg\" /></p>", "title": "rectangle universe", "title_tag": "rectangle universe", "category": null}}, {"model": "zblog.post", "pk": 32, "fields": {"post_date": "2021-03-25", "slug": "old-roll", "talkshit": "Here are some pictures from a mysterious film roll I got developed. It was in a camera (canon EOS 650) my mom gave me. I likely took these photos as a kid. Maybe my mom took one. Heavy cropping and editing applied by adult me in 2021.\r\n![Longue vie trottier](..trottier.jpg 'Longue vie Trottier')\r\n![Longue vie Coquette](..coquette.jpg 'Longue vie Coquette')\r\n![des fleurs](..fleurs.jpg 'longue vie les fleurs')", "talkshit_md": "<p>Here are some pictures from a mysterious film roll I got developed. It was in a camera (canon EOS 650) my mom gave me. I likely took these photos as a kid. Maybe my mom took one. Heavy cropping and editing applied by adult me in 2021.\n<img alt=\"Longue vie trottier\" src=\"/media/img/b/trottier.jpg\" title=\"Longue vie Trottier\" />\n<img alt=\"Longue vie Coquette\" src=\"/media/img/b/coquette.jpg\" title=\"Longue vie Coquette\" />\n<img alt=\"des fleurs\" src=\"/media/img/b/fleurs.jpg\" title=\"longue vie les fleurs\" /></p>", "title": "old roll", "title_tag": "old roll", "category": 5}}, {"model": "zblog.portfoliocategory", "pk": 5, "fields": {"category_name": "photo"}}, {"model": "zblog.portfoliocategory", "pk": 9, "fields": {"category_name": "digital"}}, {"model": "zblog.portfoliocategory", "pk": 10, "fields": {"category_name": "physical"}}, {"model": "taggit.tag", "pk": 1, "fields": {"name": "photo", "slug": "photo"}}, {"model": "taggit.tag", "pk": 2, "fields": {"name": "digital", "slug": "digital"}}, {"model": "taggit.tag", "pk": 3, "fields": {"name": "illustration", "slug": "illustration"}}, {"model": "taggit.tag", "pk": 4, "fields": {"name": "neon", "slug": "neon"}}, {"model": "taggit.tag", "pk": 5, "fields": {"name": "2d", "slug": "2d"}}, {"model": "taggit.tag", "pk": 6, "fields": {"name": "3d", "slug": "3d"}}, {"model": "taggit.tag", "pk": 7, "fields": {"name": "tradi", "slug": "tradi"}}, {"model": "taggit.tag", "pk": 8, "fields": {"name": "collage", "slug": "collage"}}, {"model": "taggit.tag", "pk": 9, "fields": {"name": "bioshock", "slug": "bioshock"}}, {"model": "taggit.tag", "pk": 10, "fields": {"name": "study", "slug": "study"}}, {"model": "taggit.tag", "pk": 11, "fields": {"name": "famille", "slug": "famille"}}, {"model": "taggit.tag", "pk": 12, "fields": {"name": "perso", "slug": "perso"}}, {"model": "taggit.tag", "pk": 13, "fields": {"name": "ecole", "slug": "ecole"}}, {"model": "taggit.tag", "pk": 14, "fields": {"name": "concept", "slug": "concept"}}, {"model": "taggit.tag", "pk": 15, "fields": {"name": "shop", "slug": "shop"}}, {"model": "taggit.tag", "pk": 16, "fields": {"name": "bikes", "slug": "bikes"}}, {"model": "taggit.tag", "pk": 17, "fields": {"name": "nsfw", "slug": "nsfw"}}, {"model": "taggit.tag", "pk": 18, "fields": {"name": "autoportrait", "slug": "autoportrait"}}, {"model": "taggit.tag", "pk": 19, "fields": {"name": "observation", "slug": "observation"}}, {"model": "taggit.tag", "pk": 20, "fields": {"name": "animals", "slug": "animals"}}, {"model": "taggit.tag", "pk": 21, "fields": {"name": "Digital", "slug": "digital_1"}}, {"model": "taggit.tag", "pk": 22, "fields": {"name": "Illustration", "slug": "illustration_1"}}, {"model": "taggit.tag", "pk": 23, "fields": {"name": "film", "slug": "film"}}, {"model": "taggit.tag", "pk": 24, "fields": {"name": "parkaone", "slug": "parkaone"}}, {"model": "taggit.tag", "pk": 25, "fields": {"name": "album", "slug": "album"}}, {"model": "taggit.tag", "pk": 26, "fields": {"name": "portrait", "slug": "portrait"}}, {"model": "taggit.tag", "pk": 27, "fields": {"name": "360", "slug": "360"}}, {"model": "taggit.taggeditem", "pk": 2, "fields": {"tag": 2, "content_type": 8, "object_id": 2}}, {"model": "taggit.taggeditem", "pk": 3, "fields": {"tag": 3, "content_type": 8, "object_id": 2}}, {"model": "taggit.taggeditem", "pk": 4, "fields": {"tag": 4, "content_type": 8, "object_id": 2}}, {"model": "taggit.taggeditem", "pk": 5, "fields": {"tag": 2, "content_type": 8, "object_id": 3}}, {"model": "taggit.taggeditem", "pk": 6, "fields": {"tag": 3, "content_type": 8, "object_id": 3}}, {"model": "taggit.taggeditem", "pk": 7, "fields": {"tag": 5, "content_type": 8, "object_id": 3}}, {"model": "taggit.taggeditem", "pk": 8, "fields": {"tag": 6, "content_type": 8, "object_id": 3}}, {"model": "taggit.taggeditem", "pk": 9, "fields": {"tag": 8, "content_type": 8, "object_id": 4}}, {"model": "taggit.taggeditem", "pk": 10, "fields": {"tag": 7, "content_type": 8, "object_id": 4}}, {"model": "taggit.taggeditem", "pk": 11, "fields": {"tag": 7, "content_type": 8, "object_id": 5}}, {"model": "taggit.taggeditem", "pk": 12, "fields": {"tag": 9, "content_type": 8, "object_id": 6}}, {"model": "taggit.taggeditem", "pk": 13, "fields": {"tag": 2, "content_type": 8, "object_id": 6}}, {"model": "taggit.taggeditem", "pk": 14, "fields": {"tag": 2, "content_type": 8, "object_id": 8}}, {"model": "taggit.taggeditem", "pk": 15, "fields": {"tag": 3, "content_type": 8, "object_id": 7}}, {"model": "taggit.taggeditem", "pk": 16, "fields": {"tag": 2, "content_type": 8, "object_id": 9}}, {"model": "taggit.taggeditem", "pk": 17, "fields": {"tag": 10, "content_type": 8, "object_id": 9}}, {"model": "taggit.taggeditem", "pk": 18, "fields": {"tag": 2, "content_type": 8, "object_id": 10}}, {"model": "taggit.taggeditem", "pk": 19, "fields": {"tag": 11, "content_type": 8, "object_id": 10}}, {"model": "taggit.taggeditem", "pk": 20, "fields": {"tag": 12, "content_type": 8, "object_id": 10}}, {"model": "taggit.taggeditem", "pk": 21, "fields": {"tag": 2, "content_type": 8, "object_id": 11}}, {"model": "taggit.taggeditem", "pk": 22, "fields": {"tag": 13, "content_type": 8, "object_id": 11}}, {"model": "taggit.taggeditem", "pk": 23, "fields": {"tag": 14, "content_type": 8, "object_id": 11}}, {"model": "taggit.taggeditem", "pk": 24, "fields": {"tag": 2, "content_type": 8, "object_id": 12}}, {"model": "taggit.taggeditem", "pk": 25, "fields": {"tag": 10, "content_type": 8, "object_id": 12}}, {"model": "taggit.taggeditem", "pk": 26, "fields": {"tag": 2, "content_type": 8, "object_id": 13}}, {"model": "taggit.taggeditem", "pk": 27, "fields": {"tag": 3, "content_type": 8, "object_id": 13}}, {"model": "taggit.taggeditem", "pk": 28, "fields": {"tag": 15, "content_type": 8, "object_id": 13}}, {"model": "taggit.taggeditem", "pk": 29, "fields": {"tag": 16, "content_type": 8, "object_id": 13}}, {"model": "taggit.taggeditem", "pk": 30, "fields": {"tag": 16, "content_type": 8, "object_id": 14}}, {"model": "taggit.taggeditem", "pk": 31, "fields": {"tag": 2, "content_type": 8, "object_id": 14}}, {"model": "taggit.taggeditem", "pk": 32, "fields": {"tag": 16, "content_type": 8, "object_id": 3}}, {"model": "taggit.taggeditem", "pk": 33, "fields": {"tag": 16, "content_type": 8, "object_id": 15}}, {"model": "taggit.taggeditem", "pk": 34, "fields": {"tag": 3, "content_type": 8, "object_id": 15}}, {"model": "taggit.taggeditem", "pk": 35, "fields": {"tag": 7, "content_type": 8, "object_id": 15}}, {"model": "taggit.taggeditem", "pk": 37, "fields": {"tag": 1, "content_type": 8, "object_id": 18}}, {"model": "taggit.taggeditem", "pk": 38, "fields": {"tag": 2, "content_type": 8, "object_id": 17}}, {"model": "taggit.taggeditem", "pk": 40, "fields": {"tag": 2, "content_type": 8, "object_id": 19}}, {"model": "taggit.taggeditem", "pk": 41, "fields": {"tag": 18, "content_type": 8, "object_id": 19}}, {"model": "taggit.taggeditem", "pk": 42, "fields": {"tag": 3, "content_type": 8, "object_id": 21}}, {"model": "taggit.taggeditem", "pk": 43, "fields": {"tag": 2, "content_type": 8, "object_id": 21}}, {"model": "taggit.taggeditem", "pk": 44, "fields": {"tag": 19, "content_type": 8, "object_id": 21}}, {"model": "taggit.taggeditem", "pk": 45, "fields": {"tag": 7, "content_type": 8, "object_id": 21}}, {"model": "taggit.taggeditem", "pk": 46, "fields": {"tag": 2, "content_type": 8, "object_id": 22}}, {"model": "taggit.taggeditem", "pk": 47, "fields": {"tag": 3, "content_type": 8, "object_id": 22}}, {"model": "taggit.taggeditem", "pk": 48, "fields": {"tag": 3, "content_type": 8, "object_id": 23}}, {"model": "taggit.taggeditem", "pk": 49, "fields": {"tag": 2, "content_type": 8, "object_id": 23}}, {"model": "taggit.taggeditem", "pk": 50, "fields": {"tag": 19, "content_type": 8, "object_id": 23}}, {"model": "taggit.taggeditem", "pk": 51, "fields": {"tag": 10, "content_type": 8, "object_id": 24}}, {"model": "taggit.taggeditem", "pk": 52, "fields": {"tag": 20, "content_type": 8, "object_id": 24}}, {"model": "taggit.taggeditem", "pk": 53, "fields": {"tag": 21, "content_type": 8, "object_id": 24}}, {"model": "taggit.taggeditem", "pk": 54, "fields": {"tag": 19, "content_type": 8, "object_id": 25}}, {"model": "taggit.taggeditem", "pk": 55, "fields": {"tag": 7, "content_type": 8, "object_id": 25}}, {"model": "taggit.taggeditem", "pk": 56, "fields": {"tag": 19, "content_type": 8, "object_id": 26}}, {"model": "taggit.taggeditem", "pk": 57, "fields": {"tag": 22, "content_type": 8, "object_id": 26}}, {"model": "taggit.taggeditem", "pk": 58, "fields": {"tag": 7, "content_type": 8, "object_id": 26}}, {"model": "taggit.taggeditem", "pk": 59, "fields": {"tag": 2, "content_type": 8, "object_id": 27}}, {"model": "taggit.taggeditem", "pk": 60, "fields": {"tag": 6, "content_type": 8, "object_id": 27}}, {"model": "taggit.taggeditem", "pk": 61, "fields": {"tag": 1, "content_type": 8, "object_id": 28}}, {"model": "taggit.taggeditem", "pk": 62, "fields": {"tag": 23, "content_type": 8, "object_id": 28}}, {"model": "taggit.taggeditem", "pk": 63, "fields": {"tag": 24, "content_type": 8, "object_id": 29}}, {"model": "taggit.taggeditem", "pk": 64, "fields": {"tag": 25, "content_type": 8, "object_id": 29}}, {"model": "taggit.taggeditem", "pk": 65, "fields": {"tag": 2, "content_type": 8, "object_id": 29}}, {"model": "taggit.taggeditem", "pk": 66, "fields": {"tag": 3, "content_type": 8, "object_id": 29}}, {"model": "taggit.taggeditem", "pk": 67, "fields": {"tag": 10, "content_type": 8, "object_id": 30}}, {"model": "taggit.taggeditem", "pk": 68, "fields": {"tag": 26, "content_type": 8, "object_id": 30}}, {"model": "taggit.taggeditem", "pk": 69, "fields": {"tag": 2, "content_type": 8, "object_id": 30}}, {"model": "taggit.taggeditem", "pk": 70, "fields": {"tag": 2, "content_type": 8, "object_id": 20}}, {"model": "taggit.taggeditem", "pk": 71, "fields": {"tag": 27, "content_type": 8, "object_id": 20}}, {"model": "taggit.taggeditem", "pk": 72, "fields": {"tag": 8, "content_type": 8, "object_id": 31}}, {"model": "taggit.taggeditem", "pk": 73, "fields": {"tag": 7, "content_type": 8, "object_id": 31}}, {"model": "taggit.taggeditem", "pk": 74, "fields": {"tag": 1, "content_type": 8, "object_id": 32}}, {"model": "taggit.taggeditem", "pk": 75, "fields": {"tag": 23, "content_type": 8, "object_id": 32}}]